fichier,categorie,sous_categorie,layout_type,has_arrows,regime,largeur,hauteur,nb_blocs,nb_oeuvres,nb_tiers,progression,prerequis,niveaux_de_difficulte,embranchements,recompenses,injonction,ton,point_entree,nb_ordinal_labels,justification,score_marqueurs,m_niveaux_nommes,m_hierarchie_valeur,m_point_entree,m_difficulte,m_prerequis,m_optionnel,m_recompense,m_injonction,m_progression
01_2014.jpeg,2_General,03_Top 100,grid,False,grille,1820,4348,7,98,7,,,,,,,,,0,,0,0,0,0,0,0,0,0,0,0
01_2014–2020.jpeg,2_General,01_Top 100 Aggregate,grid,False,grille,1100,3312,1,204,1,,,,,,,,,0,,2,0,0,0,0,0,0,0,1,1
01_2022.jpeg,2_General,02_Almost Top 100,grid,False,grille,2550,5250,6,108,6,,,,,,,,,0,,0,0,0,0,0,0,0,0,0,0
01_Ancient Western Philosophy.jpeg,3_Philosophy,03_Guide,grid,False,grille,1858,1354,1,4,1,,,,,,,,,0,,1,0,0,0,0,0,0,0,0,1
01_Anthropology of Myth and Religion.jpeg,6_Religion,General,flowchart,True,blocs,780,1200,15,24,2,,,,,,,,,0,,0,0,0,0,0,0,0,0,0,0
01_Beginner 1.jpeg,5_Speculative Fiction,2_Fantasy,,,blocs,991,2975,68,133,5,,,,,,,,,0,,11,7,2,2,0,0,0,0,0,0
01_Chinese.jpeg,4_Countries.Nationalities,Original order,,,blocs,3393,3598,95,138,8,,,,,,,,,0,,1,0,0,0,0,0,0,0,1,0
01_Enter The Esoterica.jpeg,6_Religion,Occult,,,blocs,400,1400,20,33,3,,,,,,,,,0,,0,0,0,0,0,0,0,0,0,0
01_Green Pill (Spirituality.Stoner.Eco).jpeg,8_Pills,,,,blocs,900,4100,122,250,16,,,,,,,,,0,,5,0,0,2,0,0,0,1,1,1
01_Leftist & Progressive.jpeg,7_Ideologies,General,,,blocs,1200,1252,64,88,1,,,,,,,,,0,,3,0,0,0,0,0,0,1,0,2
01_Novellas.jpeg,2_General,06_Genres,,,blocs,1988,2085,94,151,10,,,,,,,,,0,,0,0,0,0,0,0,0,0,0,0
01_Overview.jpg,3_Philosophy,,list,False,blocs,2048,1437,18,185,14,,,,,,,,,0,,2,0,0,0,0,1,1,0,0,0
01_Sci-Fi 1.jpeg,5_Speculative Fiction,1_Science Fiction,,,blocs,2100,5000,181,345,17,,,,,,,,,0,,1,0,0,0,0,1,0,0,0,0
01_Zizek 1.jpeg,7_Ideologies,Ideologues,,,blocs,531,1734,26,95,1,,,,,,,,,0,,5,0,0,1,2,0,0,0,0,2
02_2014–2017.jpeg,2_General,01_Top 100 Aggregate,,,blocs,7252,4348,604,1601,54,,,,,,,,,0,,4,0,0,0,0,0,0,0,0,4
02_2015.jpeg,2_General,03_Top 100,,,grille,1820,4348,5,120,5,,,,,,,,,0,,1,0,0,0,0,0,0,0,0,1
02_Beginner 2.jpeg,5_Speculative Fiction,2_Fantasy,,,blocs,2090,4926,132,277,17,,,,,,,,,0,,1,0,0,1,0,0,0,0,0,0
02_Bronze Age.jpeg,1_Beginnings,,,,blocs,3000,3868,77,152,10,,,,,,,,,0,,1,0,0,1,0,0,0,0,0,0
02_Christian.Catholic and Medieval Philosophy.jpeg,3_Philosophy,03_Guide,sectioned_grid,False,blocs,1858,1354,65,124,5,,,,,,,,,0,,1,0,0,0,0,0,0,0,0,1
02_Dante.jpeg,2_General,08_Translations,,,blocs,1400,5316,129,597,6,,,,,,,,,0,,32,0,1,2,0,0,0,1,27,1
02_Esoteric Islam.jpeg,6_Religion,Occult,sectioned_grid,False,blocs,1620,2260,96,226,5,,,,,,,,,0,,3,0,0,0,0,2,0,0,0,1
02_Foundational Mathematics (Real).jpeg,9_Science,,,,blocs,3840,6000,61,88,4,,,,,,,,,0,,2,0,0,0,0,1,0,0,0,1
02_Guide to Harry Potter.jpeg,10_Meme Charts,,sectioned_grid,True,blocs,2685,4485,58,108,2,,,,,,,,,0,,3,0,0,0,0,0,0,1,2,0
02_Horror.jpeg,5_Speculative Fiction,3_Horror,,,blocs,1378,1438,64,104,8,,,,,,,,,0,,1,0,0,0,0,0,0,0,0,1
02_Intersectional Feminism.jpeg,7_Ideologies,Meme Ideologues,,,blocs,1200,1200,25,56,4,,,,,,,,,0,,0,0,0,0,0,0,0,0,0,0
02_Novellas 2.jpeg,2_General,06_Genres,,,blocs,2984,2347,103,161,5,,,,,,,,,0,,0,0,0,0,0,0,0,0,0,0
02_Reactionary.jpeg,7_Ideologies,General,sectioned_grid,False,blocs,1500,984,19,71,4,,,,,,,,,0,,0,0,0,0,0,0,0,0,0,0
02_Sci-Fi 2.jpeg,5_Speculative Fiction,1_Science Fiction,sectioned_grid,False,blocs,1320,3000,180,287,16,,,,,,,,,0,,1,0,0,0,0,1,0,0,0,0
02_Starter Kit 2.jpeg,2_General,04_.lit.core,,,blocs,483,960,25,31,0,,,,,,,,,0,,0,0,0,0,0,0,0,0,0,0
03_.pol.ack.jpeg,7_Ideologies,General,,,blocs,4648,3440,129,229,13,,,,,,,,,0,,14,4,1,0,2,0,0,3,4,0
03_2015 Authors.jpeg,2_General,03_Top 100,,,grille,1820,4348,2,100,2,,,,,,,,,0,,1,0,0,0,0,0,0,0,0,1
03_Bane Pill (Bane from Batman).jpeg,8_Pills,,,,blocs,1000,944,9,19,2,,,,,,,,,0,,1,0,0,0,1,0,0,0,0,0
03_Beowulf.jpeg,2_General,08_Translations,sectioned_grid,False,blocs,1600,2500,23,227,1,,,,,,,,,0,,5,0,0,0,0,0,0,0,3,2
03_Fiction.jpeg,5_Speculative Fiction,3_Horror,,,blocs,1275,4654,146,328,18,,,,,,,,,0,,2,0,0,0,0,0,0,0,0,2
03_Foundational Mathematics.jpeg,9_Science,,,,blocs,5000,8000,74,124,8,,,,,,,,,0,,3,0,0,0,2,1,0,0,0,0
03_Greeks 1.jpeg,1_Beginnings,,,,blocs,3672,3024,33,117,1,,,,,,,,,0,,8,0,0,3,0,2,1,0,1,1
03_Modern Philosophy.jpeg,3_Philosophy,03_Guide,,,blocs,1858,1354,79,116,3,,,,,,,,,0,,2,0,0,0,0,0,0,1,0,1
03_Non-Tumblr Feminism.jpeg,7_Ideologies,Meme Ideologues,,,blocs,1090,1389,26,73,2,,,,,,,,,0,,1,0,0,0,0,0,0,0,0,1
03_Novellas 3.jpeg,2_General,06_Genres,,,blocs,3000,3312,180,256,19,,,,,,,,,0,,2,1,0,0,0,0,0,0,0,1
03_Qurans.jpeg,6_Religion,General,,,blocs,1500,1000,12,20,1,,,,,,,,,0,,4,0,0,0,2,0,0,0,2,0
03_Starter Kit 3.jpeg,2_General,04_.lit.core,,,blocs,747,1417,41,70,3,,,,,,,,,0,,0,0,0,0,0,0,0,0,0,0
03_The Americans.jpeg,10_Meme Charts,,,,blocs,3672,3024,35,147,6,,,,,,,,,0,,6,0,0,2,2,0,1,0,1,0
03_Western Occultism.jpeg,6_Religion,Occult,,,grille,780,1200,3,30,2,,,,,,,,,0,,7,0,0,1,0,0,2,1,0,3
03_Zizek 3.jpeg,7_Ideologies,Ideologues,sectioned_grid,True,blocs,2800,2000,38,82,7,,,,,,,,,0,,3,0,0,1,0,0,0,0,2,0
04_2016.jpeg,2_General,03_Top 100,sectioned_grid,False,grille,1820,4352,4,100,3,,,,,,,,,0,,3,0,0,0,0,0,0,0,0,3
04_American Politics.jpeg,10_Meme Charts,,,,blocs,883,843,10,20,1,,,,,,,,,0,,0,0,0,0,0,0,0,0,0,0
04_Dostoyevsky.jpeg,2_General,08_Translations,,,blocs,3128,2180,19,221,4,,,,,,,,,0,,1,0,0,0,0,0,0,0,1,0
04_Esoteric Techno-Facism.jpeg,7_Ideologies,Meme Ideologues,,,blocs,2000,3205,70,143,9,,,,,,,,,0,,0,0,0,0,0,0,0,0,0,0
04_Evola 1.jpeg,7_Ideologies,Ideologues,,,blocs,994,4724,30,144,0,,,,,,,,,0,,35,0,0,0,4,7,5,1,5,13
04_Gothic.Horror Flowchart.jpeg,5_Speculative Fiction,3_Horror,,,blocs,2000,2000,115,140,4,,,,,,,,,0,,0,0,0,0,0,0,0,0,0,0
04_Greeks 2.jpeg,1_Beginnings,,,,blocs,3240,3600,52,94,5,,,,,,,,,0,,4,0,0,3,0,0,0,0,1,0
04_NPR Top 100 Sci-Fi.jpeg,5_Speculative Fiction,1_Science Fiction,sectioned_grid,True,blocs,3800,2300,134,183,27,,,,,,,,,0,,3,0,0,0,0,0,0,0,3,0
04_Political Philosophy.jpeg,3_Philosophy,,,,blocs,4616,9336,175,295,14,,,,,,,,,0,,5,0,0,0,0,0,0,5,0,0
04_Sacred Texts.jpeg,6_Religion,General,,,blocs,2000,2820,95,215,29,,,,,,,,,0,,0,0,0,0,0,0,0,0,0,0
04_Selected Fantasy.jpeg,5_Speculative Fiction,2_Fantasy,,,blocs,1440,2700,34,72,6,,,,,,,,,0,,1,0,0,0,0,0,0,0,1,0
04_The Scientific Revolution.jpeg,3_Philosophy,03_Guide,,,blocs,1858,1354,59,88,4,,,,,,,,,0,,1,0,0,0,0,0,0,0,0,1
04_Various Pills Chart.jpeg,8_Pills,,,,blocs,1600,759,37,40,0,,,,,,,,,0,,0,0,0,0,0,0,0,0,0,0
05_2017.jpeg,2_General,03_Top 100,,,grille,1820,4348,2,98,2,,,,,,,,,0,,1,1,0,0,0,0,0,0,0,0
05_Buddhism.jpeg,6_Religion,General,,,blocs,2712,5224,82,235,8,,,,,,,,,0,,10,0,0,1,0,2,2,1,4,0
05_Carle.jpeg,10_Meme Charts,,flowchart,True,blocs,2203,1814,20,58,2,,,,,,,,,0,,12,0,0,2,2,2,1,0,5,0
05_Evola 2.jpeg,7_Ideologies,Ideologues,,,blocs,5000,3827,55,132,3,,,,,,,,,0,,5,0,0,1,0,0,1,0,2,1
05_German Idealism.jpeg,3_Philosophy,03_Guide,,,blocs,1858,763,32,51,2,,,,,,,,,0,,2,0,0,0,0,1,0,0,0,1
05_Greek 3.jpeg,1_Beginnings,,sectioned_grid,False,blocs,2196,3339,76,143,5,,,,,,,,,0,,14,0,0,3,1,1,0,0,2,7
05_Green Nationalism.jpeg,7_Ideologies,Meme Ideologues,,,blocs,1500,2247,31,72,4,,,,,,,,,0,,0,0,0,0,0,0,0,0,0,0
05_Guide.jpeg,5_Speculative Fiction,2_Fantasy,,,blocs,2000,3000,69,179,13,,,,,,,,,0,,0,0,0,0,0,0,0,0,0,0
05_Horror Authors.jpeg,5_Speculative Fiction,3_Horror,,,grille,1640,1710,1,56,0,,,,,,,,,0,,3,0,0,0,0,0,0,0,1,2
05_Leninism.jpeg,7_Ideologies,General,,,blocs,1844,2348,81,117,2,,,,,,,,,0,,2,0,0,0,0,2,0,0,0,0
05_Sci-Fi Guide.jpeg,5_Speculative Fiction,1_Science Fiction,,,blocs,2001,3881,188,546,28,,,,,,,,,0,,2,0,0,0,0,1,0,0,1,0
05_Starter Kit 5.jpeg,2_General,04_.lit.core,,,blocs,728,2480,40,74,6,,,,,,,,,0,,1,0,0,1,0,0,0,0,0,0
06_2018.jpeg,2_General,03_Top 100,,,grille,1500,3242,2,98,1,,,,,,,,,0,,0,0,0,0,0,0,0,0,0,0
06_Anarchism.jpeg,7_Ideologies,General,,,blocs,640,1280,2,72,1,,,,,,,,,0,,1,0,0,0,0,0,0,0,1,0
06_Gothic.jpeg,5_Speculative Fiction,3_Horror,,,blocs,833,3980,72,99,3,,,,,,,,,0,,0,0,0,0,0,0,0,0,0,0
06_Great Poems.jpeg,2_General,06_Genres,,,grille,3250,4200,1,103,1,,,,,,,,,0,,1,0,0,0,0,0,0,0,1,0
06_Harry Potter.jpeg,10_Meme Charts,,,,blocs,1280,4000,58,112,8,,,,,,,,,0,,2,0,0,2,0,0,0,0,0,0
06_Hermeticism.jpeg,6_Religion,Occult,,,blocs,960,1920,53,61,1,,,,,,,,,0,,1,0,0,0,0,0,1,0,0,0
06_Inverse.jpeg,2_General,07_Specific,sectioned_grid,False,blocs,1644,3520,174,241,7,,,,,,,,,0,,5,0,0,2,1,0,0,0,2,0
06_Modern V2.jpeg,5_Speculative Fiction,2_Fantasy,,,blocs,2000,3000,87,204,13,,,,,,,,,0,,1,0,0,0,0,0,0,0,0,1
06_More Modern Philosophy.jpeg,3_Philosophy,03_Guide,,,blocs,1858,1560,93,156,10,,,,,,,,,0,,1,0,0,0,0,0,0,0,0,1
06_Romans 1.jpeg,1_Beginnings,,,,blocs,4800,3834,49,93,1,,,,,,,,,0,,3,0,0,0,0,0,0,0,2,1
06_Sci-Fi Crash Course.jpeg,5_Speculative Fiction,1_Science Fiction,,,blocs,2700,3074,51,84,5,,,,,,,,,0,,0,0,0,0,0,0,0,0,0,0
06_Science.jpeg,2_General,05_Themes,,,blocs,917,2580,53,108,8,,,,,,,,,0,,0,0,0,0,0,0,0,0,0,0
07_.sci. cs.jpeg,9_Science,,,,blocs,1134,2268,67,125,5,,,,,,,,,0,,4,0,0,1,0,2,0,0,0,1
07_2019.jpeg,2_General,03_Top 100,,,blocs,2000,3700,261,377,26,,,,,,,,,0,,0,0,0,0,0,0,0,0,0,0
07_Dune.jpeg,5_Speculative Fiction,1_Science Fiction,sectioned_grid,False,blocs,1144,2560,29,117,7,,,,,,,,,0,,10,0,0,0,0,0,0,0,8,2
07_Early Existentialism and a Continuation of Modern Philosophy.jpeg,3_Philosophy,03_Guide,,,blocs,1858,1612,96,170,10,,,,,,,,,0,,1,0,0,0,0,0,0,0,0,1
07_Essential .lit.core.jpeg,2_General,04_.lit.core,,,blocs,1944,2808,72,103,5,,,,,,,,,0,,0,0,0,0,0,0,0,0,0,0
07_Homosexuals.jpeg,2_General,07_Specific,,,grille,2900,3700,3,28,3,,,,,,,,,0,,0,0,0,0,0,0,0,0,0,0
07_Intro to Esotericism.jpeg,6_Religion,Occult,,,grille,960,1512,2,12,2,,,,,,,,,0,,1,0,0,0,0,0,0,1,0,0
07_Neon Pill (Cyberpunk).jpeg,8_Pills,,,,blocs,1480,2584,65,83,3,,,,,,,,,0,,0,0,0,0,0,0,0,0,0,0
07_Political Theory.jpeg,3_Philosophy,,,,blocs,1439,1623,63,147,5,,,,,,,,,0,,7,0,0,0,0,2,0,1,2,2
07_Romans 2.jpeg,1_Beginnings,,,,blocs,6100,3721,45,88,3,,,,,,,,,0,,3,0,0,0,0,0,0,0,2,1
08_.his..jpeg,10_Meme Charts,,,,blocs,874,1800,29,68,3,,,,,,,,,0,,0,0,0,0,0,0,0,0,0,0
08_2020.jpeg,2_General,03_Top 100,,,blocs,3500,7700,269,465,26,,,,,,,,,0,,0,0,0,0,0,0,0,0,0,0
08_Analytic Philosophy.jpeg,3_Philosophy,03_Guide,,,blocs,1858,1204,58,143,3,,,,,,,,,0,,2,0,0,0,0,1,0,0,0,1
08_Ancient Origins.jpeg,6_Religion,Occult,,,blocs,585,2048,38,69,3,,,,,,,,,0,,0,0,0,0,0,0,0,0,0,0
08_Asatru.jpeg,6_Religion,General,,,blocs,2989,1598,37,55,5,,,,,,,,,0,,1,0,0,1,0,0,0,0,0,0
08_Beginner Flowchart 1.jpeg,5_Speculative Fiction,2_Fantasy,,,blocs,1274,872,75,110,1,,,,,,,,,0,,1,0,0,1,0,0,0,0,0,0
08_Computer Science.jpeg,9_Science,,,,blocs,2250,4158,110,190,9,,,,,,,,,0,,3,0,0,0,2,1,0,0,0,0
08_Depressing.jpeg,2_General,05_Themes,,,grille,2000,2800,3,31,3,,,,,,,,,0,,0,0,0,0,0,0,0,0,0,0
08_Favourites.jpeg,5_Speculative Fiction,1_Science Fiction,,,blocs,1600,2400,31,66,5,,,,,,,,,0,,0,0,0,0,0,0,0,0,0,0
08_Golden Pill (Philosophy.Utopia.Sci-Fi.).jpeg,8_Pills,,,,blocs,1570,4096,58,125,2,,,,,,,,,0,,4,0,0,0,0,4,0,0,0,0
08_Patriciancore.jpeg,2_General,04_.lit.core,,,blocs,2500,4000,103,199,8,,,,,,,,,0,,1,0,1,0,0,0,0,0,0,0
08_Pedo.jpeg,2_General,07_Specific,,,blocs,4000,7700,71,137,6,,,,,,,,,0,,0,0,0,0,0,0,0,0,0,0
08_Revolutionary.jpeg,7_Ideologies,Meme Ideologues,,,blocs,1200,838,15,32,1,,,,,,,,,0,,1,0,0,0,1,0,0,0,0,0
08_Right-Wing.jpeg,7_Ideologies,General,,,blocs,4000,3549,112,143,6,,,,,,,,,0,,0,0,0,0,0,0,0,0,0,0
09_2020.jpeg,2_General,03_Top 100,,,grille,2381,6000,4,116,3,,,,,,,,,0,,0,0,0,0,0,0,0,0,0,0
09_A Continuation of Analytic Philosophy and the Philosophy of the Mind.jpeg,3_Philosophy,03_Guide,,,blocs,1860,1204,76,149,7,,,,,,,,,0,,1,0,0,0,0,0,0,0,0,1
09_Autodidactism.jpeg,1_Beginnings,,,,blocs,720,2277,37,49,2,,,,,,,,,0,,0,0,0,0,0,0,0,0,0,0
09_Bowden.jpeg,7_Ideologies,Ideologues,,,blocs,3672,3024,63,283,3,,,,,,,,,0,,2,0,0,1,0,0,0,0,0,1
09_Brazilian.jpeg,4_Countries.Nationalities,Original order,,,blocs,1452,2297,37,60,2,,,,,,,,,0,,0,0,0,0,0,0,0,0,0,0
09_Christian Poetic Narratives.jpeg,6_Religion,General,,,blocs,1791,4145,290,458,22,,,,,,,,,0,,1,0,0,0,0,0,0,0,0,1
09_Gatekeeper's Remorse.jpeg,6_Religion,Occult,,,blocs,1440,3004,78,135,8,,,,,,,,,0,,1,0,0,0,0,0,0,0,0,1
09_History of Philosophy Library.jpeg,3_Philosophy,,,,blocs,4030,4030,154,258,15,,,,,,,,,0,,1,0,0,0,0,1,0,0,0,0
09_Libertarianism.jpeg,7_Ideologies,General,,,blocs,1732,3460,121,217,19,,,,,,,,,0,,21,21,0,0,0,0,0,0,0,0
09_Midwit-Core.jpeg,2_General,07_Specific,,,blocs,2027,2461,53,125,11,,,,,,,,,0,,0,0,0,0,0,0,0,0,0,0
09_Programming.jpeg,9_Science,,,,blocs,900,2134,52,112,7,,,,,,,,,0,,8,4,1,1,0,2,0,0,0,0
09_Think Before Posting.jpeg,5_Speculative Fiction,1_Science Fiction,,,blocs,2397,1625,56,79,2,,,,,,,,,0,,1,0,0,0,0,1,0,0,0,0
10_.lit. canon.jpeg,2_General,04_.lit.core,sectioned_grid,False,blocs,3000,2529,44,64,2,,,,,,,,,0,,1,0,0,1,0,0,0,0,0,0
10_Black Nationalism.jpeg,7_Ideologies,Meme Ideologues,,,blocs,471,800,2,71,1,,,,,,,,,0,,0,0,0,0,0,0,0,0,0,0
10_Escape the Matrix.jpeg,6_Religion,Occult,,,blocs,1440,3004,92,150,9,,,,,,,,,0,,0,0,0,0,0,0,0,0,0,0
10_Intro Short Story 1.jpeg,2_General,06_Genres,,,blocs,1578,1425,47,69,5,,,,,,,,,0,,0,0,0,0,0,0,0,0,0,0
10_Nietzchean.jpeg,3_Philosophy,,,,blocs,1452,1348,63,88,7,,,,,,,,,0,,0,0,0,0,0,0,0,0,0,0
10_Pessimist.jpeg,2_General,07_Specific,,,blocs,720,935,16,31,1,,,,,,,,,0,,0,0,0,0,0,0,0,0,0,0
10_Postmodernism.jpeg,3_Philosophy,03_Guide,,,blocs,1860,1277,64,128,3,,,,,,,,,0,,1,0,0,0,0,0,0,0,0,1
10_Tigers.jpeg,10_Meme Charts,,,,blocs,1500,1100,26,40,3,,,,,,,,,0,,0,0,0,0,0,0,0,0,0,0
10_Utopia & Dystopia.jpeg,5_Speculative Fiction,1_Science Fiction,,,blocs,1575,1057,42,55,3,,,,,,,,,0,,0,0,0,0,0,0,0,0,0,0
10_Western.jpeg,1_Beginnings,,,,blocs,945,595,25,149,6,,,,,,,,,0,,0,0,0,0,0,0,0,0,0,0
11_.lit. canon 2.jpeg,2_General,04_.lit.core,,,blocs,2096,4154,72,101,3,,,,,,,,,0,,2,0,0,0,0,0,0,0,2,0
11_African Americans.jpeg,4_Countries.Nationalities,Original order,,,blocs,585,2300,51,87,3,,,,,,,,,0,,0,0,0,0,0,0,0,0,0,0
11_Architecture.jpeg,9_Science,,,,blocs,1200,2464,32,47,3,,,,,,,,,0,,0,0,0,0,0,0,0,0,0,0
11_Brown Pill (No Idea).jpeg,8_Pills,,,,blocs,901,2830,79,129,11,,,,,,,,,0,,2,0,0,1,0,0,0,0,0,1
11_Degenerate.jpeg,5_Speculative Fiction,2_Fantasy,,,blocs,3000,3000,24,88,4,,,,,,,,,0,,0,0,0,0,0,0,0,0,0,0
11_Feminist.Queer Theory.jpeg,3_Philosophy,03_Guide,,,blocs,1860,2153,101,180,5,,,,,,,,,0,,2,0,0,0,0,0,0,0,1,1
11_Intro Short Story 2.jpeg,2_General,06_Genres,,,grille,1572,1416,1,14,1,,,,,,,,,0,,0,0,0,0,0,0,0,0,0,0
11_Post-Apocalyptic.jpeg,5_Speculative Fiction,1_Science Fiction,,,blocs,2089,2464,48,58,1,,,,,,,,,0,,1,0,0,0,0,0,0,0,0,1
12_Analytic 1.jpeg,3_Philosophy,,,,blocs,1195,2050,82,174,6,,,,,,,,,0,,1,0,0,0,0,1,0,0,0,0
12_Anarcho-Syndicalism (French).jpeg,7_Ideologies,Meme Ideologues,,,blocs,1783,1916,26,56,5,,,,,,,,,0,,0,0,0,0,0,0,0,0,0,0
12_Christian History.jpeg,6_Religion,General,,,blocs,1904,1920,31,69,5,,,,,,,,,0,,0,0,0,0,0,0,0,0,0,0
12_Darre Pill (Nazi.).jpeg,8_Pills,,,,blocs,653,1104,22,51,2,,,,,,,,,0,,2,0,0,0,0,0,0,0,2,0
12_Latin.jpeg,1_Beginnings,,,,blocs,6535,6535,69,122,9,,,,,,,,,0,,10,0,0,1,6,1,0,0,1,1
12_Living Off The Land.jpeg,2_General,07_Specific,,,blocs,2048,2048,19,34,0,,,,,,,,,0,,1,0,0,0,0,0,0,0,1,0
12_Meme-Core.jpeg,10_Meme Charts,,,,blocs,720,548,10,22,2,,,,,,,,,0,,1,0,0,0,0,0,0,0,0,1
12_Pinata (Woman).jpeg,5_Speculative Fiction,1_Science Fiction,,,blocs,900,5474,48,194,9,,,,,,,,,0,,2,0,0,0,0,0,0,0,2,0
12_Uruguayan.jpeg,4_Countries.Nationalities,Original order,sectioned_grid,False,blocs,1616,2288,40,67,3,,,,,,,,,0,,0,0,0,0,0,0,0,0,0,0
12_Western Foundations.jpeg,2_General,04_.lit.core,,,blocs,2912,5087,126,149,5,,,,,,,,,0,,0,0,0,0,0,0,0,0,0,0
13_100 Works of World Literature.jpeg,2_General,04_.lit.core,,,blocs,3248,2456,103,128,1,,,,,,,,,0,,0,0,0,0,0,0,0,0,0,0
13_Analytic 2.jpeg,3_Philosophy,,,,blocs,1049,1263,62,96,6,,,,,,,,,0,,0,0,0,0,0,0,0,0,0,0
13_Christian Mysticism.jpeg,6_Religion,General,sectioned_grid,False,blocs,888,1224,38,44,1,,,,,,,,,0,,0,0,0,0,0,0,0,0,0,0
13_Discworld.jpeg,5_Speculative Fiction,2_Fantasy,,,blocs,1655,1673,73,110,2,,,,,,,,,0,,3,0,0,1,0,0,0,0,1,1
13_Leftist Theory Starter.jpeg,10_Meme Charts,,,,blocs,769,960,10,19,1,,,,,,,,,0,,0,0,0,0,0,0,0,0,0,0
13_Russian.jpeg,4_Countries.Nationalities,Original order,,,blocs,1364,3394,81,161,5,,,,,,,,,0,,2,0,0,0,0,1,0,0,1,0
13_Soft SF.jpeg,5_Speculative Fiction,1_Science Fiction,,,blocs,1600,2400,35,116,2,,,,,,,,,0,,4,0,0,0,1,0,0,0,1,2
14_Baby's First Literature.jpeg,10_Meme Charts,,,,blocs,896,2751,31,45,3,,,,,,,,,0,,0,0,0,0,0,0,0,0,0,0
14_Chinese.jpeg,4_Countries.Nationalities,Original order,,,blocs,1600,3600,68,103,8,,,,,,,,,0,,0,0,0,0,0,0,0,0,0,0
14_General.jpeg,5_Speculative Fiction,1_Science Fiction,,,blocs,1000,4000,85,128,5,,,,,,,,,0,,0,0,0,0,0,0,0,0,0,0
14_Poetry Chart.jpeg,2_General,06_Genres,,,blocs,2800,2800,28,126,5,,,,,,,,,0,,4,0,0,1,0,0,0,0,2,1
14_Right-Wing LIbertarian.jpeg,7_Ideologies,General,,,blocs,3384,3992,153,266,15,,,,,,,,,0,,1,0,0,0,0,0,0,0,1,0
14_SFFG.jpeg,5_Speculative Fiction,2_Fantasy,,,blocs,900,5474,48,194,9,,,,,,,,,0,,2,0,0,0,0,0,0,0,2,0
15_.the_pol..jpeg,10_Meme Charts,,,,blocs,1000,1558,9,13,0,,,,,,,,,0,,0,0,0,0,0,0,0,0,0,0
15_1900–1924.jpeg,2_General,06_Genres,,,blocs,1872,2232,146,187,17,,,,,,,,,0,,0,0,0,0,0,0,0,0,0,0
15_Counter-Revolution (French).jpeg,7_Ideologies,General,,,blocs,2984,2290,52,109,3,,,,,,,,,0,,0,0,0,0,0,0,0,0,0,0
15_Required Reading 2.jpeg,9_Science,,,,blocs,1360,3837,54,111,4,,,,,,,,,0,,2,0,0,0,1,1,0,0,0,0
15_SFFG Wall of Text.jpeg,5_Speculative Fiction,2_Fantasy,,,blocs,2500,3552,56,95,6,,,,,,,,,0,,1,0,0,0,1,0,0,0,0,0
15_Warhammer 40k 1.jpeg,5_Speculative Fiction,1_Science Fiction,tier_list,False,blocs,4500,4024,112,116,1,,,,,,,,,0,,6,6,0,0,0,0,0,0,0,0
16_1925–1949.jpeg,2_General,06_Genres,,,blocs,1760,2368,197,287,18,,,,,,,,,0,,0,0,0,0,0,0,0,0,0,0
16_Analytic Metaphysics.jpeg,3_Philosophy,,sectioned_grid,True,blocs,4000,2000,48,172,5,,,,,,,,,0,,0,0,0,0,0,0,0,0,0,0
16_Anarcho-Primitivism.jpeg,7_Ideologies,Meme Ideologues,,,blocs,1088,735,34,47,3,,,,,,,,,0,,0,0,0,0,0,0,0,0,0,0
16_SFFG Amazon.jpeg,5_Speculative Fiction,2_Fantasy,,,blocs,2000,3000,29,41,5,,,,,,,,,0,,0,0,0,0,0,0,0,0,0,0
16_TP Economics.jpeg,7_Ideologies,General,,,blocs,4112,2064,52,108,5,,,,,,,,,0,,1,0,0,0,0,0,0,0,1,0
16_Warhammer 40k 2.jpeg,5_Speculative Fiction,1_Science Fiction,,,blocs,1260,1712,37,80,6,,,,,,,,,0,,1,0,0,0,0,0,0,0,0,1
17_1950–1974.jpeg,2_General,06_Genres,,,blocs,1890,2203,192,291,18,,,,,,,,,0,,0,0,0,0,0,0,0,0,0,0
17_Anarcho-Capitalism.jpeg,7_Ideologies,Meme Ideologues,sectioned_grid,True,blocs,2426,2676,116,155,14,,,,,,,,,0,,2,0,0,1,1,0,0,0,0,0
17_Baseball.jpeg,2_General,07_Specific,,,blocs,1728,2304,28,72,5,,,,,,,,,0,,1,0,0,0,0,0,1,0,0,0
17_Christian by Denomination.jpeg,6_Religion,General,,,blocs,3000,2900,89,136,6,,,,,,,,,0,,0,0,0,0,0,0,0,0,0,0
17_Lain Pill (Cyberpunk).jpeg,8_Pills,,sectioned_grid,False,blocs,1520,4648,51,94,5,,,,,,,,,0,,0,0,0,0,0,0,0,0,0,0
17_Meme Poetry.jpeg,10_Meme Charts,,,,blocs,905,613,5,18,1,,,,,,,,,0,,0,0,0,0,0,0,0,0,0,0
17_Monarchism.jpeg,7_Ideologies,General,,,blocs,1987,1345,174,218,5,,,,,,,,,0,,1,0,0,0,0,0,0,1,0,0
17_Utopianism.jpeg,3_Philosophy,,,,blocs,1500,1500,33,57,4,,,,,,,,,0,,0,0,0,0,0,0,0,0,0,0
17_Web NOvels.jpeg,5_Speculative Fiction,2_Fantasy,,,blocs,1600,1344,18,39,1,,,,,,,,,0,,3,2,0,0,0,0,0,0,1,0
18_1975–1999.jpeg,2_General,06_Genres,,,blocs,1908,2180,127,220,10,,,,,,,,,0,,0,0,0,0,0,0,0,0,0,0
18_Distributism.jpeg,7_Ideologies,General,,,blocs,1080,1525,33,66,9,,,,,,,,,0,,0,0,0,0,0,0,0,0,0,0
18_Economics.jpeg,9_Science,,,,blocs,1234,1426,18,57,5,,,,,,,,,0,,2,0,0,0,0,1,0,0,1,0
18_Orange Pill (Crypto).jpeg,8_Pills,,,,blocs,1250,950,32,110,1,,,,,,,,,0,,3,0,0,2,0,0,0,0,1,0
18_Self-Published 1.jpeg,5_Speculative Fiction,2_Fantasy,,,blocs,3500,3500,53,65,4,,,,,,,,,0,,0,0,0,0,0,0,0,0,0,0
18_Slavelord.jpeg,2_General,07_Specific,,,blocs,1590,4400,37,69,5,,,,,,,,,0,,1,0,0,0,0,1,0,0,0,0
19_21st Century Literature.jpeg,2_General,07_Specific,,,blocs,1044,1862,40,74,3,,,,,,,,,0,,0,0,0,0,0,0,0,0,0,0
19_China Mieville.jpeg,5_Speculative Fiction,1_Science Fiction,,,blocs,1200,1140,42,69,0,,,,,,,,,0,,7,0,0,2,0,0,1,0,4,0
19_First Seven Ecumenical Councils.jpeg,6_Religion,General,,,blocs,1597,1173,45,70,4,,,,,,,,,0,,0,0,0,0,0,0,0,0,0,0
19_Modern Unique Fantasy.jpeg,10_Meme Charts,,,,blocs,4921,5813,14,31,2,,,,,,,,,0,,0,0,0,0,0,0,0,0,0,0
19_New Thought.jpeg,7_Ideologies,General,sectioned_grid,False,blocs,2896,2896,12,24,1,,,,,,,,,0,,0,0,0,0,0,0,0,0,0,0
20_21st Century Literature 2.jpeg,2_General,07_Specific,sectioned_grid,False,blocs,1280,720,41,65,2,,,,,,,,,0,,0,0,0,0,0,0,0,0,0,0
20_Analysis (Mathematics).jpeg,9_Science,,sectioned_grid,True,blocs,5595,6349,54,96,4,,,,,,,,,0,,6,0,0,0,6,0,0,0,0,0
20_Christianity.jpeg,6_Religion,General,,,blocs,1800,2300,137,290,11,,,,,,,,,0,,4,1,0,0,1,0,2,0,0,0
20_Conan The Barbarian.jpeg,5_Speculative Fiction,2_Fantasy,,,blocs,936,1230,6,64,0,,,,,,,,,0,,0,0,0,0,0,0,0,0,0,0
20_Nazbol.jpeg,7_Ideologies,Meme Ideologues,,,blocs,1024,800,35,56,2,,,,,,,,,0,,1,0,0,0,0,1,0,0,0,0
21_British Conservatism.jpeg,7_Ideologies,Meme Ideologues,,,blocs,3000,3212,59,106,4,,,,,,,,,0,,1,0,0,1,0,0,0,0,0,0
21_Mathematics Trench.jpeg,9_Science,,,,blocs,1300,3900,31,119,0,,,,,,,,,0,,1,0,0,0,1,0,0,0,0,0
22_Anti-Racist.jpeg,7_Ideologies,Meme Ideologues,,,blocs,3350,998,53,125,4,,,,,,,,,0,,2,0,0,0,1,0,0,0,0,1
22_Doomer.Bloomer.jpeg,2_General,07_Specific,,,blocs,2660,2996,40,106,3,,,,,,,,,0,,0,0,0,0,0,0,0,0,0,0
22_Orthodox (Christian).jpeg,6_Religion,General,,,blocs,2048,2000,43,60,3,,,,,,,,,0,,1,0,0,0,0,0,0,0,0,1
22_Stoicism.jpeg,3_Philosophy,,,,blocs,6200,3413,123,176,9,,,,,,,,,0,,1,0,0,0,1,0,0,0,0,0
23_Christian Doctrine.jpeg,6_Religion,General,,,blocs,2000,7655,294,481,15,,,,,,,,,0,,2,0,0,0,0,0,0,0,1,1
23_Computers.jpeg,9_Science,,,,blocs,1134,2268,67,125,5,,,,,,,,,0,,4,0,0,1,0,2,0,0,0,1
23_Malazan Book of Fallen.jpeg,5_Speculative Fiction,2_Fantasy,,,blocs,2000,1197,42,86,4,,,,,,,,,0,,15,0,0,2,0,2,1,0,5,5
23_Marxist-Humanist.jpeg,7_Ideologies,Meme Ideologues,,,blocs,3225,4096,38,115,6,,,,,,,,,0,,1,0,0,1,0,0,0,0,0,0
24_Becoming a Mathematician.jpeg,9_Science,,,,blocs,2128,5320,47,108,6,,,,,,,,,0,,6,0,0,1,1,3,0,1,0,0
24_Catholic (French).jpeg,6_Religion,General,,,blocs,2975,4860,97,169,13,,,,,,,,,0,,0,0,0,0,0,0,0,0,0,0
24_Middle Earth.jpeg,5_Speculative Fiction,2_Fantasy,,,blocs,1440,1331,54,94,2,,,,,,,,,0,,4,0,0,1,1,0,1,0,1,0
24_Monarchy.jpeg,7_Ideologies,Meme Ideologues,,,blocs,2498,4096,270,554,12,,,,,,,,,0,,7,0,0,0,0,0,0,1,5,1
25_Dark.Disturbing.jpeg,2_General,07_Specific,,,grille,1724,3246,4,28,4,,,,,,,,,0,,2,0,0,0,0,0,0,0,0,2
25_Female Authors.jpeg,5_Speculative Fiction,2_Fantasy,,,blocs,1140,1488,21,56,2,,,,,,,,,0,,0,0,0,0,0,0,0,0,0,0
26_Little Girls.jpeg,2_General,07_Specific,,,grille,1918,1434,1,9,1,,,,,,,,,0,,0,0,0,0,0,0,0,0,0,0
27_Ass.jpeg,10_Meme Charts,,,,blocs,800,2694,28,85,3,,,,,,,,,0,,7,0,0,0,0,0,1,0,4,2
27_Political Philosophy.jpeg,3_Philosophy,,,,blocs,2618,5650,147,426,20,,,,,,,,,0,,7,0,0,2,0,1,0,2,2,0
27_War.jpeg,2_General,07_Specific,sectioned_grid,False,grille,2016,1981,2,13,2,,,,,,,,,0,,0,0,0,0,0,0,0,0,0,0
28_Doomer.jpeg,10_Meme Charts,,,,blocs,2593,768,31,52,4,,,,,,,,,0,,0,0,0,0,0,0,0,0,0,0
28_Mathematics (Portuguese).jpeg,9_Science,,sectioned_grid,False,blocs,1250,1246,45,69,2,,,,,,,,,0,,0,0,0,0,0,0,0,0,0,0
29_Bloomer .lit..jpeg,10_Meme Charts,,,,blocs,1724,3701,117,271,14,,,,,,,,,0,,0,0,0,0,0,0,0,0,0,0
29_Older Women Younger Men.jpeg,2_General,07_Specific,,,blocs,2500,1976,22,32,0,,,,,,,,,0,,0,0,0,0,0,0,0,0,0,0
29_Orthodox.jpeg,6_Religion,General,,,blocs,720,878,26,40,0,,,,,,,,,0,,0,0,0,0,0,0,0,0,0,0
30_Bloomerism.jpeg,10_Meme Charts,,,,blocs,3023,3000,32,63,6,,,,,,,,,0,,0,0,0,0,0,0,0,0,0,0
30_References and Idioms.jpeg,2_General,07_Specific,,,blocs,2000,4000,17,37,3,,,,,,,,,0,,0,0,0,0,0,0,0,0,0,0
30_Rhetoric.jpeg,9_Science,,,,blocs,2000,2000,27,48,4,,,,,,,,,0,,0,0,0,0,0,0,0,0,0,0
31_Doomer.jpeg,10_Meme Charts,,,,grille,1336,2672,5,32,5,,,,,,,,,0,,1,0,0,0,0,0,0,0,0,1
31_Ecotheology.jpeg,6_Religion,General,,,blocs,2484,3784,41,71,4,,,,,,,,,0,,2,0,0,1,0,0,0,0,1,0
"32_Diaries, Memoirs, Autobiographies.jpeg",2_General,07_Specific,,,blocs,2096,4344,93,186,15,,,,,,,,,0,,0,0,0,0,0,0,0,0,0,0
32_Urbanism.jpeg,9_Science,,,,blocs,1024,768,43,78,6,,,,,,,,,0,,0,0,0,0,0,0,0,0,0,0
33_Jordan Peterson.jpeg,10_Meme Charts,,,,blocs,1147,1080,1,81,0,,,,,,,,,0,,2,0,0,0,0,1,0,0,1,0
33_Prepper-core.jpeg,9_Science,,,,blocs,3584,2484,87,197,10,,,,,,,,,0,,2,0,0,0,0,0,0,0,2,0
34_Daoist.jpeg,6_Religion,General,sectioned_grid,False,blocs,2416,5956,55,110,7,,,,,,,,,0,,3,0,0,1,0,0,0,0,1,1
34_Trad.jpeg,2_General,07_Specific,,,blocs,2000,4500,73,672,26,,,,,,,,,0,,5,0,0,0,5,0,0,0,0,0
34_Twitter-core.jpeg,10_Meme Charts,,,,blocs,928,1200,27,39,3,,,,,,,,,0,,1,0,0,0,0,0,0,0,0,1
35_Buddhism.jpeg,6_Religion,General,,,blocs,3000,7000,47,87,6,,,,,,,,,0,,1,0,0,1,0,0,0,0,0,0
37_Great Characters.jpeg,2_General,07_Specific,,,grille,2312,3360,1,4,1,,,,,,,,,0,,0,0,0,0,0,0,0,0,0,0
38_Homosexuality (Pre-1850).jpeg,2_General,07_Specific,,,grille,2500,2300,4,35,4,,,,,,,,,0,,0,0,0,0,0,0,0,0,0,0
39_Homosexuality (Pre-modern).jpeg,2_General,07_Specific,,,blocs,3000,4000,185,300,26,,,,,,,,,0,,0,0,0,0,0,0,0,0,0,0
40_Pseudcore.jpeg,10_Meme Charts,,sectioned_grid,False,blocs,1788,4147,257,411,22,,,,,,,,,0,,1,0,0,0,0,1,0,0,0,0
42_Illustrated.jpeg,2_General,07_Specific,,,blocs,920,4485,71,109,7,,,,,,,,,0,,0,0,0,0,0,0,0,0,0,0
43_Indo-Europeans.jpeg,10_Meme Charts,,,,blocs,2000,1400,31,93,1,,,,,,,,,0,,2,0,0,2,0,0,0,0,0,0
43_PewDiePie Recommendations.jpeg,2_General,07_Specific,,,blocs,3456,3444,56,73,3,,,,,,,,,0,,4,3,0,0,0,0,0,0,1,0
45_Minor Classics 1.jpeg,2_General,07_Specific,collage,False,blocs,791,1136,31,64,3,,,,,,,,,0,,0,0,0,0,0,0,0,0,0,0
47_Doomer.jpeg,2_General,07_Specific,,,grille,1336,2672,5,32,5,,,,,,,,,0,,1,0,0,0,0,0,0,0,0,1
49_Addiction.jpeg,2_General,07_Specific,,,grille,1200,925,1,6,1,,,,,,,,,0,,0,0,0,0,0,0,0,0,0,0
49_Meme Analysis.jpeg,10_Meme Charts,,,,blocs,750,461,39,65,0,,,,,,,,,0,,1,0,0,0,1,0,0,0,0,0
50_Bioshock Infinite.jpeg,10_Meme Charts,,,,blocs,2976,3576,24,75,2,,,,,,,,,0,,0,0,0,0,0,0,0,0,0,0
51_K-On.jpeg,10_Meme Charts,,,,blocs,720,556,23,26,2,,,,,,,,,0,,0,0,0,0,0,0,0,0,0,0
51_Poems on Massacres and Hell.jpeg,2_General,07_Specific,,,blocs,2976,3576,24,51,2,,,,,,,,,0,,0,0,0,0,0,0,0,0,0,0
"_Overcoming ADHD, Internet, Porn and SM Addiction.jpeg",11_Other Boards,,,,blocs,7615,4679,20,86,3,,,,,,,,,0,,2,0,0,0,1,0,0,0,1,0
biz_Business 1.jpeg,11_Other Boards,,,,blocs,1939,1384,27,72,4,,,,,,,,,0,,1,0,0,0,0,0,0,0,0,1
biz_Business 3.jpeg,11_Other Boards,,,,blocs,1078,1660,84,267,7,,,,,,,,,0,,1,0,0,0,0,0,0,0,0,1
biz_Business 4.jpeg,11_Other Boards,,,,blocs,1345,1450,61,269,8,,,,,,,,,0,,4,0,0,0,2,0,0,0,1,1
brit_Literature 1.jpeg,11_Other Boards,,,,blocs,1656,1304,40,88,4,,,,,,,,,0,,1,0,0,0,0,0,0,0,0,1
fit_Fitness.jpeg,11_Other Boards,,,,blocs,989,1967,61,130,13,,,,,,,,,0,,3,0,0,0,1,0,1,0,1,0
fit_Literature.jpeg,11_Other Boards,,,,blocs,4961,3508,45,191,3,,,,,,,,,0,,1,0,0,0,0,0,0,0,0,1
ic_Art 1.jpeg,11_Other Boards,,sectioned_grid,False,blocs,900,1560,37,92,1,,,,,,,,,0,,2,0,0,0,2,0,0,0,0,0
ic_Art 2.jpeg,11_Other Boards,,sectioned_grid,False,blocs,1120,1556,21,81,2,,,,,,,,,0,,5,0,0,0,1,0,1,0,2,1
ic_Art 3.jpeg,11_Other Boards,,,,blocs,1000,1200,21,47,4,,,,,,,,,0,,6,0,0,1,4,1,0,0,0,0
lit_Anime & Manga.jpeg,11_Other Boards,,,,blocs,2396,3430,171,190,3,,,,,,,,,0,,5,0,0,0,0,0,0,0,4,1
pol_Politics 1 (British).jpeg,11_Other Boards,,,,blocs,4000,3000,5,140,2,,,,,,,,,0,,0,0,0,0,0,0,0,0,0,0
pol_Politics 2.jpeg,11_Other Boards,,,,blocs,2641,5802,138,238,17,,,,,,,,,0,,0,0,0,0,0,0,0,0,0,0
pol_Politics 3 (British).jpeg,11_Other Boards,,,,blocs,2892,2404,70,114,4,,,,,,,,,0,,0,0,0,0,0,0,0,0,0,0
r9k_Literature 1.jpeg,11_Other Boards,,,,blocs,640,1062,47,62,3,,,,,,,,,0,,0,0,0,0,0,0,0,0,0,0
x_Paranormal 2.jpeg,11_Other Boards,,,,blocs,1000,1000,23,51,5,,,,,,,,,0,,1,0,0,0,0,0,0,0,1,0
x_Paranormal 3.jpeg,11_Other Boards,,,,blocs,3000,5455,64,150,0,,,,,,,,,0,,1,0,0,1,0,0,0,0,0,0
