fichier,categorie,layout_manuel,ratio_hauteur_largeur,nb_lignes,densite_texte,couverture_verticale,part_bandes_peuplees,regularite_colonnes,cv_hauteurs_lignes,longueur_moyenne_ligne,part_lignes_courtes,confiance_mediane,m_niveaux_nommes,m_hierarchie_valeur,m_point_entree,m_difficulte,m_prerequis,m_optionnel,m_recompense,m_injonction,m_progression
01_2014.jpeg,2_General,grid,2.389,639,0.1699,0.637,0.485,0.752,0.507,9.7,0.983,1.0,0,0,0,0,0,0,0,0,0
01_2014–2020.jpeg,2_General,grid,3.011,782,0.2888,0.692,0.667,0.667,0.393,8.1,0.986,1.0,0,0,0,0,0,0,0,1,1
01_2022.jpeg,2_General,grid,2.059,664,0.1801,0.738,0.566,0.815,0.499,9.7,0.971,1.0,0,0,0,0,0,0,0,0,0
01_Ancient Western Philosophy.jpeg,3_Philosophy,sectioned_grid,0.729,138,0.1314,0.718,0.4,0.702,0.354,19.3,0.783,1.0,0,0,0,0,0,0,0,0,1
01_Anthropology of Myth and Religion.jpeg,6_Religion,flowchart,1.538,39,0.1037,0.465,0.032,1.0,0.592,12.4,0.897,1.0,0,0,0,0,0,0,0,0,0
01_Beginner 1.jpeg,5_Speculative Fiction,tier_list,3.002,172,0.0975,0.557,0.196,0.727,0.438,8.8,0.977,1.0,7,2,2,0,0,0,0,0,0
01_Chinese.jpeg,4_Countries.Nationalities,sectioned_grid,1.06,180,0.075,0.623,0.382,1.087,0.465,9.8,0.967,1.0,0,0,0,0,0,0,0,1,0
01_Enter The Esoterica.jpeg,6_Religion,sectioned_grid,3.5,52,0.1183,0.41,0.022,0.746,0.34,12.0,0.981,1.0,0,0,0,0,0,0,0,0,0
01_Green Pill (Spirituality.Stoner.Eco).jpeg,8_Pills,grid,4.556,322,0.1875,0.628,0.179,0.672,0.636,14.1,0.904,1.0,0,0,2,0,0,0,1,1,1
01_Leftist & Progressive.jpeg,7_Ideologies,grid,1.043,144,0.1574,0.555,0.404,0.454,0.735,13.1,0.965,1.0,0,0,0,0,0,0,1,0,2
01_Novellas.jpeg,2_General,grid,1.049,255,0.1747,0.651,0.462,0.732,0.754,13.6,0.961,1.0,0,0,0,0,0,0,0,0,0
01_Overview.jpg,3_Philosophy,map,0.702,201,0.2291,0.819,0.453,0.337,0.144,28.7,0.383,1.0,0,0,0,0,1,1,0,0,0
01_Sci-Fi 1.jpeg,5_Speculative Fiction,sectioned_grid,2.381,460,0.1771,0.747,0.477,0.917,0.615,10.5,0.965,1.0,0,0,0,0,1,0,0,0,0
01_Zizek 1.jpeg,7_Ideologies,list,3.266,107,0.3022,0.638,0.089,0.418,0.724,22.9,0.533,1.0,0,0,1,2,0,0,0,0,2
02_2014–2017.jpeg,2_General,sectioned_grid,0.6,1799,0.2009,0.986,0.862,1.4,0.479,7.8,0.99,1.0,0,0,0,0,0,0,0,0,4
02_2015.jpeg,2_General,grid,2.389,770,0.2367,0.804,0.689,0.722,0.426,8.7,0.987,1.0,0,0,0,0,0,0,0,0,1
02_Beginner 2.jpeg,5_Speculative Fiction,tier_list,2.357,377,0.1474,0.655,0.457,0.852,0.492,9.7,0.981,1.0,0,0,1,0,0,0,0,0,0
02_Bronze Age.jpeg,1_Beginnings,flowchart,1.289,202,0.1358,0.637,0.33,0.789,0.416,23.5,0.614,1.0,0,0,1,0,0,0,0,0,0
02_Christian.Catholic and Medieval Philosophy.jpeg,3_Philosophy,sectioned_grid,0.729,151,0.1297,0.757,0.426,0.726,0.368,12.7,0.921,1.0,0,0,0,0,0,0,0,0,1
02_Dante.jpeg,2_General,list,3.797,668,0.2013,0.684,0.389,0.431,0.159,38.7,0.246,1.0,0,1,2,0,0,0,1,27,1
02_Esoteric Islam.jpeg,6_Religion,sectioned_grid,1.395,267,0.2091,0.704,0.366,0.802,0.516,32.1,0.67,1.0,0,0,0,0,2,0,0,0,1
02_Foundational Mathematics (Real).jpeg,9_Science,tier_list,1.562,137,0.086,0.595,0.2,0.626,0.781,14.5,0.92,1.0,0,0,0,0,1,0,0,0,1
02_Guide to Harry Potter.jpeg,10_Meme Charts,flowchart,1.67,137,0.1289,0.543,0.192,0.742,0.656,19.8,0.796,1.0,0,0,0,0,0,0,1,2,0
02_Horror.jpeg,5_Speculative Fiction,sectioned_grid,1.044,156,0.1415,0.615,0.294,0.573,0.536,12.8,0.936,1.0,0,0,0,0,0,0,0,0,1
02_Intersectional Feminism.jpeg,7_Ideologies,grid,1.0,68,0.2487,0.793,0.122,0.542,0.763,12.3,0.912,1.0,0,0,0,0,0,0,0,0,0
02_Novellas 2.jpeg,2_General,grid,0.787,212,0.1033,0.85,0.442,0.821,0.553,9.4,0.986,1.0,0,0,0,0,0,0,0,0,0
02_Reactionary.jpeg,7_Ideologies,sectioned_grid,0.656,80,0.1726,0.642,0.325,0.48,0.647,9.5,0.988,1.0,0,0,0,0,0,0,0,0,0
02_Sci-Fi 2.jpeg,5_Speculative Fiction,sectioned_grid,2.273,400,0.1572,0.709,0.429,0.856,0.546,9.5,0.993,1.0,0,0,0,0,1,0,0,0,0
02_Starter Kit 2.jpeg,2_General,grid,1.988,46,0.1532,0.533,0.125,0.628,0.451,10.3,1.0,1.0,0,0,0,0,0,0,0,0,0
03_.pol.ack.jpeg,7_Ideologies,tier_list,0.74,298,0.1866,0.837,0.481,0.916,0.535,24.7,0.762,1.0,4,1,0,2,0,0,3,4,0
03_2015 Authors.jpeg,2_General,grid,2.389,406,0.1125,0.26,0.808,0.309,0.285,6.7,0.993,1.0,0,0,0,0,0,0,0,0,1
03_Bane Pill (Bane from Batman).jpeg,8_Pills,collage,0.944,25,0.093,0.285,0.214,0.431,0.515,14.2,0.92,1.0,0,0,0,1,0,0,0,0,0
03_Beowulf.jpeg,2_General,list,1.562,232,0.3497,0.684,0.411,0.637,0.267,33.7,0.397,1.0,0,0,0,0,0,0,0,3,2
03_Fiction.jpeg,5_Speculative Fiction,grid,3.65,455,0.2235,0.721,0.413,0.61,0.827,11.9,0.971,1.0,0,0,0,0,0,0,0,0,2
03_Foundational Mathematics.jpeg,9_Science,tier_list,1.6,165,0.0587,0.423,0.386,0.851,0.67,13.2,0.964,1.0,0,0,0,2,1,0,0,0,0
03_Greeks 1.jpeg,1_Beginnings,flowchart,0.824,123,0.1995,0.679,0.274,0.468,0.292,38.0,0.276,1.0,0,0,3,0,2,1,0,1,1
03_Modern Philosophy.jpeg,3_Philosophy,sectioned_grid,0.729,151,0.1137,0.79,0.318,0.666,0.328,14.2,0.927,1.0,0,0,0,0,0,0,1,0,1
03_Non-Tumblr Feminism.jpeg,7_Ideologies,grid,1.274,89,0.226,0.514,0.457,0.636,0.63,20.8,0.73,1.0,0,0,0,0,0,0,0,0,1
03_Novellas 3.jpeg,2_General,grid,1.104,406,0.1351,0.697,0.438,1.066,0.578,12.5,0.961,1.0,1,0,0,0,0,0,0,0,1
03_Qurans.jpeg,6_Religion,flowchart,0.667,29,0.2617,0.462,0.429,0.575,0.496,16.5,0.931,1.0,0,0,0,2,0,0,0,2,0
03_Starter Kit 3.jpeg,2_General,grid,1.897,101,0.163,0.641,0.186,0.345,0.449,12.5,0.96,1.0,0,0,0,0,0,0,0,0,0
03_The Americans.jpeg,10_Meme Charts,flowchart,0.824,165,0.2715,0.681,0.5,0.592,0.325,38.1,0.352,1.0,0,0,2,2,0,1,0,1,0
03_Western Occultism.jpeg,6_Religion,tier_list,1.538,128,0.1602,0.55,0.327,0.416,0.349,13.4,0.914,1.0,0,0,1,0,0,2,1,0,3
03_Zizek 3.jpeg,7_Ideologies,flowchart,0.714,98,0.2226,0.641,0.26,0.932,1.004,19.2,0.816,1.0,0,0,1,0,0,0,0,2,0
04_2016.jpeg,2_General,grid,2.391,725,0.2508,0.853,0.669,0.828,0.409,8.7,0.986,1.0,0,0,0,0,0,0,0,0,3
04_American Politics.jpeg,10_Meme Charts,collage,0.955,23,0.1711,0.32,0.111,0.47,0.852,14.7,0.957,0.5,0,0,0,0,0,0,0,0,0
04_Dostoyevsky.jpeg,2_General,list,0.697,227,0.3963,0.837,0.479,0.614,0.799,63.1,0.11,1.0,0,0,0,0,0,0,0,1,0
04_Esoteric Techno-Facism.jpeg,7_Ideologies,sectioned_grid,1.603,194,0.1939,0.605,0.446,0.803,0.536,13.5,0.943,1.0,0,0,0,0,0,0,0,0,0
04_Evola 1.jpeg,7_Ideologies,list,4.753,161,0.3414,0.499,0.0,0.0,1.592,107.7,0.093,1.0,0,0,0,4,7,5,1,5,13
04_Gothic.Horror Flowchart.jpeg,5_Speculative Fiction,flowchart,1.0,183,0.0967,0.801,0.233,0.92,0.622,9.4,0.984,1.0,0,0,0,0,0,0,0,0,0
04_Greeks 2.jpeg,1_Beginnings,flowchart,1.111,124,0.0637,0.418,0.25,0.587,0.503,35.4,0.581,1.0,0,0,3,0,0,0,0,1,0
04_NPR Top 100 Sci-Fi.jpeg,5_Speculative Fiction,flowchart,0.605,257,0.0664,0.841,0.511,0.977,0.567,9.6,0.981,1.0,0,0,0,0,0,0,0,3,0
04_Political Philosophy.jpeg,3_Philosophy,sectioned_grid,2.023,427,0.1138,0.616,0.392,0.768,0.827,10.8,0.991,1.0,0,0,0,0,0,0,5,0,0
04_Sacred Texts.jpeg,6_Religion,sectioned_grid,1.41,293,0.1444,0.586,0.537,0.752,0.413,18.4,0.816,1.0,0,0,0,0,0,0,0,0,0
04_Selected Fantasy.jpeg,5_Speculative Fiction,grid,1.875,97,0.1636,0.412,0.304,0.72,0.69,14.0,0.845,1.0,0,0,0,0,0,0,0,1,0
04_The Scientific Revolution.jpeg,3_Philosophy,sectioned_grid,0.729,123,0.0848,0.615,0.298,0.774,0.527,11.6,0.959,1.0,0,0,0,0,0,0,0,0,1
04_Various Pills Chart.jpeg,8_Pills,sectioned_grid,0.474,50,0.0344,0.51,0.156,0.791,0.335,9.0,1.0,1.0,0,0,0,0,0,0,0,0,0
05_2017.jpeg,2_General,grid,2.389,726,0.2211,0.79,0.63,0.787,0.428,8.3,0.988,1.0,1,0,0,0,0,0,0,0,0
05_Buddhism.jpeg,6_Religion,flowchart,1.926,291,0.2101,0.758,0.2,0.832,0.387,27.3,0.581,1.0,0,0,1,0,2,2,1,4,0
05_Carle.jpeg,10_Meme Charts,flowchart,0.823,69,0.1963,0.53,0.324,0.759,0.367,32.3,0.362,1.0,0,0,2,2,2,1,0,5,0
05_Evola 2.jpeg,7_Ideologies,flowchart,0.765,167,0.1137,0.649,0.22,1.234,0.601,24.1,0.677,1.0,0,0,1,0,0,1,0,2,1
05_German Idealism.jpeg,3_Philosophy,sectioned_grid,0.411,70,0.0913,0.587,0.281,0.637,0.679,15.3,0.9,1.0,0,0,0,0,1,0,0,0,1
05_Greek 3.jpeg,1_Beginnings,sectioned_grid,1.52,171,0.1564,0.512,0.247,0.843,0.635,29.8,0.778,1.0,0,0,3,1,1,0,0,2,7
05_Green Nationalism.jpeg,7_Ideologies,grid,1.498,97,0.1958,0.576,0.286,0.578,0.464,19.1,0.794,1.0,0,0,0,0,0,0,0,0,0
05_Guide.jpeg,5_Speculative Fiction,sectioned_grid,1.5,236,0.2365,0.673,0.606,0.877,0.589,10.4,0.932,1.0,0,0,0,0,0,0,0,0,0
05_Horror Authors.jpeg,5_Speculative Fiction,grid,1.043,195,0.0731,0.161,0.739,0.495,0.278,16.6,0.892,1.0,0,0,0,0,0,0,0,1,2
05_Leninism.jpeg,7_Ideologies,sectioned_grid,1.273,174,0.124,0.548,0.256,0.742,0.384,15.8,0.92,1.0,0,0,0,0,2,0,0,0,0
05_Sci-Fi Guide.jpeg,5_Speculative Fiction,sectioned_grid,1.94,616,0.1202,0.538,0.558,0.856,0.395,8.5,0.995,1.0,0,0,0,0,1,0,0,1,0
05_Starter Kit 5.jpeg,2_General,tier_list,3.407,98,0.1494,0.529,0.117,1.008,0.764,8.1,1.0,1.0,0,0,1,0,0,0,0,0,0
06_2018.jpeg,2_General,grid,2.161,542,0.1405,0.675,0.5,0.88,0.531,8.9,0.996,1.0,0,0,0,0,0,0,0,0,0
06_Anarchism.jpeg,7_Ideologies,list,2.0,73,0.2805,0.744,0.0,0.0,0.205,39.7,0.164,1.0,0,0,0,0,0,0,0,1,0
06_Gothic.jpeg,5_Speculative Fiction,grid,4.778,136,0.0629,0.265,0.159,0.244,0.445,15.8,0.912,1.0,0,0,0,0,0,0,0,0,0
06_Great Poems.jpeg,2_General,grid,1.292,320,0.084,0.139,0.854,0.631,0.86,21.8,0.547,1.0,0,0,0,0,0,0,0,1,0
06_Harry Potter.jpeg,10_Meme Charts,flowchart,3.125,150,0.1083,0.346,0.091,0.825,0.694,15.6,0.833,1.0,0,0,2,0,0,0,0,0,0
06_Hermeticism.jpeg,6_Religion,sectioned_grid,2.0,82,0.0654,0.314,0.209,0.363,0.391,12.5,0.963,1.0,0,0,0,0,0,1,0,0,0
06_Inverse.jpeg,2_General,sectioned_grid,2.141,386,0.0987,0.548,0.328,0.506,0.375,13.6,0.961,1.0,0,0,2,1,0,0,0,2,0
06_Modern V2.jpeg,5_Speculative Fiction,sectioned_grid,1.5,269,0.2444,0.773,0.588,0.831,0.507,9.1,0.955,1.0,0,0,0,0,0,0,0,0,1
06_More Modern Philosophy.jpeg,3_Philosophy,sectioned_grid,0.84,207,0.1521,0.852,0.427,0.696,0.515,13.8,0.908,1.0,0,0,0,0,0,0,0,0,1
06_Romans 1.jpeg,1_Beginnings,sectioned_grid,0.799,124,0.1825,0.55,0.52,0.532,0.324,33.0,0.476,1.0,0,0,0,0,0,0,0,2,1
06_Sci-Fi Crash Course.jpeg,5_Speculative Fiction,tier_list,1.139,113,0.1536,0.599,0.404,0.829,0.608,10.1,0.965,1.0,0,0,0,0,0,0,0,0,0
06_Science.jpeg,2_General,sectioned_grid,2.814,141,0.1786,0.552,0.24,0.676,0.491,12.4,0.908,1.0,0,0,0,0,0,0,0,0,0
07_.sci. cs.jpeg,9_Science,sectioned_grid,2.0,164,0.2402,0.55,0.317,0.913,0.707,19.8,0.774,1.0,0,0,1,0,2,0,0,0,1
07_2019.jpeg,2_General,grid,1.85,536,0.1488,0.604,0.443,0.723,0.685,9.4,0.979,1.0,0,0,0,0,0,0,0,0,0
07_Dune.jpeg,5_Speculative Fiction,list,2.238,145,0.4157,0.588,0.25,0.808,0.592,26.9,0.786,1.0,0,0,0,0,0,0,0,8,2
07_Early Existentialism and a Continuation of Modern Philosophy.jpeg,3_Philosophy,sectioned_grid,0.868,218,0.1622,0.849,0.476,0.763,0.44,14.0,0.95,1.0,0,0,0,0,0,0,0,0,1
07_Essential .lit.core.jpeg,2_General,grid,1.444,160,0.1161,0.531,0.27,0.8,0.719,10.7,0.963,1.0,0,0,0,0,0,0,0,0,0
07_Homosexuals.jpeg,2_General,grid,1.276,192,0.1508,0.583,0.361,0.665,0.605,12.6,0.953,1.0,0,0,0,0,0,0,0,0,0
07_Intro to Esotericism.jpeg,6_Religion,tier_list,1.575,150,0.1406,0.559,0.328,0.442,0.327,11.5,0.987,1.0,0,0,0,0,0,0,1,0,0
07_Neon Pill (Cyberpunk).jpeg,8_Pills,grid,1.746,141,0.1549,0.426,0.211,0.708,0.791,11.7,0.929,1.0,0,0,0,0,0,0,0,0,0
07_Political Theory.jpeg,3_Philosophy,grid,1.128,199,0.2084,0.775,0.405,0.645,0.412,12.3,0.96,1.0,0,0,0,0,2,0,1,2,2
07_Romans 2.jpeg,1_Beginnings,flowchart,0.61,116,0.128,0.632,0.346,0.711,0.328,31.1,0.534,1.0,0,0,0,0,0,0,0,2,1
08_.his..jpeg,10_Meme Charts,grid,2.059,89,0.2764,0.6,0.083,0.552,0.632,16.4,0.809,1.0,0,0,0,0,0,0,0,0,0
08_2020.jpeg,2_General,grid,2.2,658,0.1829,0.835,0.639,0.827,0.544,8.1,0.991,1.0,0,0,0,0,0,0,0,0,0
08_Analytic Philosophy.jpeg,3_Philosophy,sectioned_grid,0.648,165,0.1807,0.848,0.365,0.793,0.464,16.7,0.861,1.0,0,0,0,0,1,0,0,0,1
08_Ancient Origins.jpeg,6_Religion,grid,3.501,88,0.1258,0.39,0.158,0.744,0.881,12,0.955,1.0,0,0,0,0,0,0,0,0,0
08_Asatru.jpeg,6_Religion,sectioned_grid,0.535,75,0.0593,0.394,0.31,0.707,0.467,23.4,0.613,1.0,0,0,1,0,0,0,0,0,0
08_Beginner Flowchart 1.jpeg,5_Speculative Fiction,flowchart,0.684,163,0.1553,0.851,0.472,0.639,0.148,12.6,1.0,1.0,0,0,1,0,0,0,0,0,0
08_Computer Science.jpeg,9_Science,grid,1.848,253,0.1279,0.601,0.24,0.753,0.555,15.0,0.881,1.0,0,0,0,2,1,0,0,0,0
08_Depressing.jpeg,2_General,grid,1.4,251,0.1236,0.613,0.316,0.774,0.519,12.5,0.964,1.0,0,0,0,0,0,0,0,0,0
08_Favourites.jpeg,5_Speculative Fiction,grid,1.5,81,0.1311,0.435,0.109,0.533,1.12,16.2,0.815,1.0,0,0,0,0,0,0,0,0,0
08_Golden Pill (Philosophy.Utopia.Sci-Fi.).jpeg,8_Pills,tier_list,2.609,164,0.1473,0.454,0.153,0.925,0.738,13.5,0.884,1.0,0,0,0,0,4,0,0,0,0
08_Patriciancore.jpeg,2_General,grid,1.6,250,0.2075,0.67,0.402,0.835,0.621,12.7,0.844,1.0,0,1,0,0,0,0,0,0,0
08_Pedo.jpeg,2_General,sectioned_grid,1.925,188,0.1423,0.555,0.405,0.698,0.521,11.9,0.957,1.0,0,0,0,0,0,0,0,0,0
08_Revolutionary.jpeg,7_Ideologies,collage,0.698,40,0.1744,0.385,0.368,0.635,1.045,11.8,0.925,1.0,0,0,0,1,0,0,0,0,0
08_Right-Wing.jpeg,7_Ideologies,sectioned_grid,0.887,232,0.1321,0.594,0.403,0.808,0.314,16.5,0.901,1.0,0,0,0,0,0,0,0,0,0
09_2020.jpeg,2_General,grid,2.52,790,0.1843,0.714,0.593,0.831,0.486,8.5,0.977,1.0,0,0,0,0,0,0,0,0,0
09_A Continuation of Analytic Philosophy and the Philosophy of the Mind.jpeg,3_Philosophy,sectioned_grid,0.647,179,0.1889,0.826,0.508,0.744,0.709,15.0,0.894,1.0,0,0,0,0,0,0,0,0,1
09_Autodidactism.jpeg,1_Beginnings,sectioned_grid,3.163,84,0.1697,0.415,0.034,0.988,0.392,19.9,0.714,1.0,0,0,0,0,0,0,0,0,0
09_Bowden.jpeg,7_Ideologies,flowchart,0.824,294,0.3212,0.792,0.526,1.061,0.258,21.8,0.68,1.0,0,0,1,0,0,0,0,0,1
09_Brazilian.jpeg,4_Countries.Nationalities,grid,1.582,82,0.1011,0.504,0.148,0.56,0.52,15.5,0.841,1.0,0,0,0,0,0,0,0,0,0
09_Christian Poetic Narratives.jpeg,6_Religion,grid,2.314,656,0.1545,0.619,0.42,1.006,0.455,14.5,0.928,1.0,0,0,0,0,0,0,0,0,1
09_Gatekeeper's Remorse.jpeg,6_Religion,grid,2.086,189,0.164,0.536,0.39,0.586,0.442,14.7,0.894,1.0,0,0,0,0,0,0,0,0,1
09_History of Philosophy Library.jpeg,3_Philosophy,grid,1.0,348,0.1017,0.78,0.563,0.982,0.549,12.1,0.966,1.0,0,0,0,0,1,0,0,0,0
09_Libertarianism.jpeg,7_Ideologies,tier_list,1.998,281,0.1517,0.682,0.412,0.671,0.506,12.3,0.925,1.0,21,0,0,0,0,0,0,0,0
09_Midwit-Core.jpeg,2_General,grid,1.214,156,0.1593,0.765,0.359,0.837,0.696,12.3,0.91,1.0,0,0,0,0,0,0,0,0,0
09_Programming.jpeg,9_Science,tier_list,2.371,147,0.1743,0.558,0.141,0.944,1.106,14.8,0.878,1.0,4,1,1,0,2,0,0,0,0
09_Think Before Posting.jpeg,5_Speculative Fiction,sectioned_grid,0.678,105,0.098,0.65,0.421,0.792,0.441,9.0,0.981,1.0,0,0,0,0,1,0,0,0,0
10_.lit. canon.jpeg,2_General,collage,0.843,74,0.2851,0.384,0.182,0.635,1.488,39.1,0.865,1.0,0,0,1,0,0,0,0,0,0
10_Black Nationalism.jpeg,7_Ideologies,list,1.699,72,0.3684,0.77,0.0,0.0,0.231,19.6,0.764,1.0,0,0,0,0,0,0,0,0,0
10_Escape the Matrix.jpeg,6_Religion,sectioned_grid,2.086,197,0.1245,0.518,0.333,0.642,0.518,14.7,0.883,1.0,0,0,0,0,0,0,0,0,0
10_Intro Short Story 1.jpeg,2_General,sectioned_grid,0.903,117,0.1429,0.505,0.4,0.525,0.435,17.2,0.906,1.0,0,0,0,0,0,0,0,0,0
10_Nietzchean.jpeg,3_Philosophy,sectioned_grid,0.928,131,0.1413,0.692,0.286,0.777,1.192,13.2,0.962,1.0,0,0,0,0,0,0,0,0,0
10_Pessimist.jpeg,2_General,collage,1.299,36,0.2047,0.541,0.227,0.331,0.379,16.9,0.778,1.0,0,0,0,0,0,0,0,0,0
10_Postmodernism.jpeg,3_Philosophy,sectioned_grid,0.687,159,0.1609,0.761,0.483,0.704,0.569,14.9,0.874,1.0,0,0,0,0,0,0,0,0,1
10_Tigers.jpeg,10_Meme Charts,grid,0.733,54,0.1227,0.533,0.241,0.754,0.671,11.8,0.944,0.5,0,0,0,0,0,0,0,0,0
10_Utopia & Dystopia.jpeg,5_Speculative Fiction,sectioned_grid,0.671,80,0.1253,0.589,0.382,0.774,0.585,10.7,0.925,1.0,0,0,0,0,0,0,0,0,0
10_Western.jpeg,1_Beginnings,flowchart,0.63,155,0.2901,0.808,0.784,0.706,0.181,10.5,0.974,1.0,0,0,0,0,0,0,0,0,0
11_.lit. canon 2.jpeg,2_General,grid,1.982,146,0.0865,0.502,0.093,0.36,0.597,17.6,0.76,1.0,0,0,0,0,0,0,0,2,0
11_African Americans.jpeg,4_Countries.Nationalities,sectioned_grid,3.932,110,0.1529,0.547,0.091,0.675,0.812,9.3,0.991,1.0,0,0,0,0,0,0,0,0,0
11_Architecture.jpeg,9_Science,grid,2.053,67,0.1154,0.417,0.062,0.625,0.799,12.5,0.955,1.0,0,0,0,0,0,0,0,0,0
11_Brown Pill (No Idea).jpeg,8_Pills,grid,3.141,169,0.1326,0.616,0.138,0.77,1.103,12.8,0.947,1.0,0,0,1,0,0,0,0,0,1
11_Degenerate.jpeg,5_Speculative Fiction,grid,1.0,98,0.244,0.543,0.341,0.959,0.829,11.7,0.939,1.0,0,0,0,0,0,0,0,0,0
11_Feminist.Queer Theory.jpeg,3_Philosophy,sectioned_grid,1.158,226,0.1371,0.729,0.344,0.796,0.696,13.9,0.885,1.0,0,0,0,0,0,0,0,1,1
11_Intro Short Story 2.jpeg,2_General,sectioned_grid,0.901,88,0.147,0.515,0.205,0.541,0.535,14.4,0.966,1.0,0,0,0,0,0,0,0,0,0
11_Post-Apocalyptic.jpeg,5_Speculative Fiction,flowchart,1.18,103,0.1133,0.464,0.231,0.558,0.449,13.5,0.961,1.0,0,0,0,0,0,0,0,0,1
12_Analytic 1.jpeg,3_Philosophy,grid,1.715,221,0.1237,0.669,0.316,0.825,0.567,10.4,0.991,1.0,0,0,0,0,1,0,0,0,0
12_Anarcho-Syndicalism (French).jpeg,7_Ideologies,grid,1.075,72,0.2032,0.443,0.195,0.606,0.88,14.8,0.903,1.0,0,0,0,0,0,0,0,0,0
12_Christian History.jpeg,6_Religion,grid,1.008,85,0.1512,0.505,0.486,0.609,0.488,16.6,0.871,1.0,0,0,0,0,0,0,0,0,0
12_Darre Pill (Nazi.).jpeg,8_Pills,sectioned_grid,1.691,65,0.1719,0.402,0.243,0.342,0.647,17.3,0.815,1.0,0,0,0,0,0,0,0,2,0
12_Latin.jpeg,1_Beginnings,flowchart,1.0,162,0.0486,0.442,0.2,0.917,0.593,15.8,0.778,1.0,0,0,1,6,1,0,0,1,1
12_Living Off The Land.jpeg,2_General,collage,1.0,43,0.0935,0.352,0.059,0.771,0.633,16.0,0.86,1.0,0,0,0,0,0,0,0,1,0
12_Meme-Core.jpeg,10_Meme Charts,grid,0.761,31,0.2263,0.591,0.222,0.471,0.617,12.1,0.935,1.0,0,0,0,0,0,0,0,0,1
12_Pinata (Woman).jpeg,5_Speculative Fiction,grid,6.082,216,0.2492,0.442,0.223,0.97,0.828,15.8,0.824,1.0,0,0,0,0,0,0,0,2,0
12_Uruguayan.jpeg,4_Countries.Nationalities,grid,1.416,88,0.14,0.418,0.196,0.927,0.864,14.8,0.864,1.0,0,0,0,0,0,0,0,0,0
12_Western Foundations.jpeg,2_General,tier_list,1.747,210,0.0855,0.4,0.253,0.77,0.576,16.5,0.8,1.0,0,0,0,0,0,0,0,0,0
13_100 Works of World Literature.jpeg,2_General,sectioned_grid,0.756,151,0.0847,0.545,0.232,1.084,0.618,17.5,0.921,1.0,0,0,0,0,0,0,0,0,0
13_Analytic 2.jpeg,3_Philosophy,grid,1.204,132,0.1423,0.718,0.368,0.533,0.355,9.9,0.985,1.0,0,0,0,0,0,0,0,0,0
13_Christian Mysticism.jpeg,6_Religion,grid,1.378,58,0.1345,0.402,0.098,0.038,0.607,16.6,0.828,1.0,0,0,0,0,0,0,0,0,0
13_Discworld.jpeg,5_Speculative Fiction,flowchart,1.011,174,0.2516,0.578,0.46,0.781,0.758,8.7,0.971,1.0,0,0,1,0,0,0,0,1,1
13_Leftist Theory Starter.jpeg,10_Meme Charts,sectioned_grid,1.248,24,0.1696,0.402,0.0,0.0,0.61,15.8,0.75,1.0,0,0,0,0,0,0,0,0,0
13_Russian.jpeg,4_Countries.Nationalities,sectioned_grid,2.488,207,0.1549,0.526,0.151,0.9,0.728,15.9,0.85,1.0,0,0,0,0,1,0,0,1,0
13_Soft SF.jpeg,5_Speculative Fiction,grid,1.5,128,0.193,0.566,0.246,0.415,1.223,25.9,0.5,1.0,0,0,0,1,0,0,0,1,2
14_Baby's First Literature.jpeg,10_Meme Charts,collage,3.07,63,0.1471,0.354,0.02,1.0,0.813,12.5,0.937,1.0,0,0,0,0,0,0,0,0,0
14_Chinese.jpeg,4_Countries.Nationalities,sectioned_grid,2.25,147,0.1152,0.418,0.247,0.713,0.633,12.7,0.932,1.0,0,0,0,0,0,0,0,0,0
14_General.jpeg,5_Speculative Fiction,sectioned_grid,4.0,169,0.1223,0.491,0.211,0.863,0.466,9.3,0.976,1.0,0,0,0,0,0,0,0,0,0
14_Poetry Chart.jpeg,2_General,flowchart,1.0,144,0.3389,0.837,0.297,0.959,0.648,19.3,0.778,1.0,0,0,1,0,0,0,0,2,1
14_Right-Wing LIbertarian.jpeg,7_Ideologies,sectioned_grid,1.18,362,0.1681,0.854,0.568,0.945,0.567,9.9,0.992,1.0,0,0,0,0,0,0,0,1,0
14_SFFG.jpeg,5_Speculative Fiction,grid,6.082,216,0.2492,0.442,0.223,0.97,0.828,15.8,0.824,1.0,0,0,0,0,0,0,0,2,0
15_.the_pol..jpeg,10_Meme Charts,collage,1.558,16,0.2284,0.227,0.077,0.913,0.877,13,0.875,1.0,0,0,0,0,0,0,0,0,0
15_1900–1924.jpeg,2_General,grid,1.192,309,0.1751,0.529,0.435,0.891,0.702,13.7,0.945,1.0,0,0,0,0,0,0,0,0,0
15_Counter-Revolution (French).jpeg,7_Ideologies,grid,0.767,132,0.1512,0.54,0.411,0.732,0.711,14.5,0.932,1.0,0,0,0,0,0,0,0,0,0
15_Required Reading 2.jpeg,9_Science,grid,2.821,142,0.1375,0.531,0.093,0.723,0.932,14.3,0.937,1.0,0,0,0,1,1,0,0,0,0
15_SFFG Wall of Text.jpeg,5_Speculative Fiction,grid,1.421,129,0.1804,0.58,0.317,0.77,0.697,11.6,0.93,1.0,0,0,0,1,0,0,0,0,0
15_Warhammer 40k 1.jpeg,5_Speculative Fiction,sectioned_grid,0.894,154,0.0413,0.411,0.462,1.082,0.35,10.1,0.987,1.0,6,0,0,0,0,0,0,0,0
16_1925–1949.jpeg,2_General,grid,1.345,443,0.2151,0.658,0.445,0.965,0.859,13.7,0.921,1.0,0,0,0,0,0,0,0,0,0
16_Analytic Metaphysics.jpeg,3_Philosophy,sectioned_grid,0.5,184,0.1387,0.717,0.608,0.681,0.289,13.3,0.973,1.0,0,0,0,0,0,0,0,0,0
16_Anarcho-Primitivism.jpeg,7_Ideologies,sectioned_grid,0.676,61,0.1036,0.687,0.226,0.365,0.308,11.4,0.984,1.0,0,0,0,0,0,0,0,0,0
16_SFFG Amazon.jpeg,5_Speculative Fiction,grid,1.5,53,0.1405,0.291,0.222,0.564,0.605,12.2,0.962,1.0,0,0,0,0,0,0,0,0,0
16_TP Economics.jpeg,7_Ideologies,sectioned_grid,0.502,133,0.1729,0.674,0.511,0.842,0.485,17.5,0.767,1.0,0,0,0,0,0,0,0,1,0
16_Warhammer 40k 2.jpeg,5_Speculative Fiction,grid,1.359,100,0.1978,0.57,0.327,0.562,0.699,12.5,0.95,1.0,0,0,0,0,0,0,0,0,1
17_1950–1974.jpeg,2_General,grid,1.166,427,0.2191,0.71,0.514,0.897,0.767,13.0,0.941,1.0,0,0,0,0,0,0,0,0,0
17_Anarcho-Capitalism.jpeg,7_Ideologies,tier_list,1.103,237,0.1034,0.65,0.451,0.889,0.923,11.7,0.975,1.0,0,0,1,1,0,0,0,0,0
17_Baseball.jpeg,2_General,tier_list,1.333,85,0.2099,0.49,0.26,0.816,0.972,13.3,0.859,1.0,0,0,0,0,0,1,0,0,0
17_Christian by Denomination.jpeg,6_Religion,sectioned_grid,0.967,192,0.0896,0.648,0.472,0.744,0.699,9.7,0.995,1.0,0,0,0,0,0,0,0,0,0
17_Lain Pill (Cyberpunk).jpeg,8_Pills,grid,3.058,113,0.1583,0.344,0.219,0.563,1.302,15.3,0.841,1.0,0,0,0,0,0,0,0,0,0
17_Meme Poetry.jpeg,10_Meme Charts,grid,0.677,20,0.2498,0.594,0.182,0.622,0.582,11,0.95,0.5,0,0,0,0,0,0,0,0,0
17_Monarchism.jpeg,7_Ideologies,grid,0.677,286,0.1715,0.731,0.456,0.916,0.362,13.3,0.958,1.0,0,0,0,0,0,0,1,0,0
17_Utopianism.jpeg,3_Philosophy,grid,1.0,89,0.1205,0.528,0.25,0.471,0.483,13.2,0.966,1.0,0,0,0,0,0,0,0,0,0
17_Web NOvels.jpeg,5_Speculative Fiction,tier_list,0.84,46,0.2008,0.623,0.45,0.656,0.447,11.0,0.978,1.0,2,0,0,0,0,0,0,1,0
18_1975–1999.jpeg,2_General,grid,1.143,316,0.2418,0.707,0.431,0.82,0.714,12.4,0.924,0.5,0,0,0,0,0,0,0,0,0
18_Distributism.jpeg,7_Ideologies,grid,1.412,87,0.1283,0.598,0.105,0.571,0.486,15.3,0.862,1.0,0,0,0,0,0,0,0,0,0
18_Economics.jpeg,9_Science,flowchart,1.156,69,0.236,0.635,0.231,0.534,0.391,20.9,0.768,1.0,0,0,0,0,1,0,0,1,0
18_Orange Pill (Crypto).jpeg,8_Pills,list,0.76,125,0.2738,0.724,0.674,0.454,0.5,13.9,0.952,1.0,0,0,2,0,0,0,0,1,0
18_Self-Published 1.jpeg,5_Speculative Fiction,grid,1.0,89,0.1399,0.394,0.361,0.764,0.499,12,0.978,1.0,0,0,0,0,0,0,0,0,0
18_Slavelord.jpeg,2_General,tier_list,2.767,96,0.1755,0.344,0.138,1.205,0.749,17.2,0.75,1.0,0,0,0,0,1,0,0,0,0
19_21st Century Literature.jpeg,2_General,grid,1.784,103,0.2174,0.591,0.218,0.372,0.739,11.7,0.942,1.0,0,0,0,0,0,0,0,0,0
19_China Mieville.jpeg,5_Speculative Fiction,flowchart,0.95,97,0.1705,0.587,0.5,0.814,0.311,9.7,0.99,1.0,0,0,2,0,0,1,0,4,0
19_First Seven Ecumenical Councils.jpeg,6_Religion,sectioned_grid,0.735,93,0.1807,0.565,0.282,0.554,0.575,13.4,0.935,1.0,0,0,0,0,0,0,0,0,0
19_Modern Unique Fantasy.jpeg,10_Meme Charts,map,1.181,40,0.098,0.296,0.148,1.027,0.805,22.1,0.775,1.0,0,0,0,0,0,0,0,0,0
19_New Thought.jpeg,7_Ideologies,grid,1.0,28,0.0809,0.383,0.045,0.36,0.548,15.6,0.821,1.0,0,0,0,0,0,0,0,0,0
20_21st Century Literature 2.jpeg,2_General,grid,0.562,96,0.1443,0.603,0.516,0.664,0.668,9.1,0.99,1.0,0,0,0,0,0,0,0,0,0
20_Analysis (Mathematics).jpeg,9_Science,flowchart,1.135,144,0.0496,0.631,0.135,0.889,0.737,12.5,1.0,1.0,0,0,0,6,0,0,0,0,0
20_Christianity.jpeg,6_Religion,tier_list,1.278,366,0.1852,0.84,0.447,0.808,0.669,15.2,0.88,1.0,1,0,0,1,0,2,0,0,0
20_Conan The Barbarian.jpeg,5_Speculative Fiction,list,1.314,65,0.3919,0.698,0.0,0.0,0.39,26.7,0.708,1.0,0,0,0,0,0,0,0,0,0
20_Nazbol.jpeg,7_Ideologies,grid,0.781,75,0.2474,0.585,0.256,0.49,0.687,22.5,0.867,1.0,0,0,0,0,1,0,0,0,0
21_British Conservatism.jpeg,7_Ideologies,flowchart,1.071,147,0.1077,0.567,0.333,0.436,0.406,12.4,0.966,1.0,0,0,1,0,0,0,0,0,0
21_Mathematics Trench.jpeg,9_Science,tier_list,3.0,126,0.1199,0.561,0.03,0.361,1.681,15.0,0.913,1.0,0,0,0,1,0,0,0,0,0
22_Anti-Racist.jpeg,7_Ideologies,tier_list,0.298,154,0.2206,0.933,0.875,0.813,0.434,9.9,0.974,1.0,0,0,0,1,0,0,0,0,1
22_Doomer.Bloomer.jpeg,2_General,sectioned_grid,1.126,131,0.1359,0.597,0.205,0.638,0.684,12.0,0.908,1.0,0,0,0,0,0,0,0,0,0
22_Orthodox (Christian).jpeg,6_Religion,sectioned_grid,0.977,94,0.0828,0.572,0.2,0.933,0.43,17.7,0.809,1.0,0,0,0,0,0,0,0,0,1
22_Stoicism.jpeg,3_Philosophy,sectioned_grid,0.55,258,0.0856,0.571,0.493,0.82,0.598,15.3,0.915,1.0,0,0,0,1,0,0,0,0,0
23_Christian Doctrine.jpeg,6_Religion,grid,3.828,690,0.1271,0.639,0.432,0.766,0.592,13.9,0.964,1.0,0,0,0,0,0,0,0,1,1
23_Computers.jpeg,9_Science,sectioned_grid,2.0,164,0.2402,0.55,0.317,0.913,0.707,19.8,0.774,1.0,0,0,1,0,2,0,0,0,1
23_Malazan Book of Fallen.jpeg,5_Speculative Fiction,flowchart,0.599,116,0.1368,0.581,0.292,0.704,0.537,38.7,0.586,1.0,0,0,2,0,2,1,0,5,5
23_Marxist-Humanist.jpeg,7_Ideologies,sectioned_grid,1.27,129,0.1942,0.659,0.225,0.658,0.621,16.0,0.837,1.0,0,0,1,0,0,0,0,0,0
24_Becoming a Mathematician.jpeg,9_Science,flowchart,2.5,129,0.1187,0.478,0.16,0.91,0.721,16.9,0.837,1.0,0,0,1,1,3,0,1,0,0
24_Catholic (French).jpeg,6_Religion,grid,1.634,235,0.1027,0.578,0.352,0.685,0.544,14.5,0.936,1.0,0,0,0,0,0,0,0,0,0
24_Middle Earth.jpeg,5_Speculative Fiction,flowchart,0.924,128,0.196,0.621,0.568,0.677,0.355,16.7,0.742,1.0,0,0,1,1,0,1,0,1,0
24_Monarchy.jpeg,7_Ideologies,grid,1.64,665,0.2373,0.842,0.66,0.822,0.291,18.1,0.88,1.0,0,0,0,0,0,0,1,5,1
25_Dark.Disturbing.jpeg,2_General,grid,1.883,288,0.1845,0.671,0.322,0.632,0.628,14.1,0.938,1.0,0,0,0,0,0,0,0,0,2
25_Female Authors.jpeg,5_Speculative Fiction,grid,1.305,67,0.2567,0.597,0.243,0.595,0.662,14.4,0.836,1.0,0,0,0,0,0,0,0,0,0
26_Little Girls.jpeg,2_General,sectioned_grid,0.748,92,0.1103,0.45,0.263,0.417,0.449,14.8,0.935,1.0,0,0,0,0,0,0,0,0,0
27_Ass.jpeg,10_Meme Charts,list,3.368,104,0.218,0.481,0.083,1.195,0.533,25.8,0.49,1.0,0,0,0,0,0,1,0,4,2
27_Political Philosophy.jpeg,3_Philosophy,grid,2.158,523,0.2794,0.888,0.72,0.749,1.339,13.0,0.935,1.0,0,0,2,0,1,0,2,2,0
27_War.jpeg,2_General,grid,0.983,141,0.1325,0.524,0.386,0.789,0.698,12.1,0.943,1.0,0,0,0,0,0,0,0,0,0
28_Doomer.jpeg,10_Meme Charts,grid,0.296,68,0.1753,0.782,0.345,0.629,0.63,14.3,0.912,1.0,0,0,0,0,0,0,0,0,0
28_Mathematics (Portuguese).jpeg,9_Science,tier_list,0.997,92,0.1432,0.67,0.292,0.584,0.373,15.4,0.804,1.0,0,0,0,0,0,0,0,0,0
29_Bloomer .lit..jpeg,10_Meme Charts,grid,2.147,365,0.2038,0.752,0.463,0.684,0.509,11.7,0.953,1.0,0,0,0,0,0,0,0,0,0
29_Older Women Younger Men.jpeg,2_General,collage,0.79,40,0.1589,0.473,0.0,0.0,0.807,9.8,0.975,1.0,0,0,0,0,0,0,0,0,0
29_Orthodox.jpeg,6_Religion,sectioned_grid,1.219,63,0.1496,0.494,0.29,0.555,0.202,14.1,0.937,1.0,0,0,0,0,0,0,0,0,0
30_Bloomerism.jpeg,10_Meme Charts,collage,0.992,83,0.1104,0.343,0.282,0.983,0.542,15.1,0.904,1.0,0,0,0,0,0,0,0,0,0
30_References and Idioms.jpeg,2_General,sectioned_grid,2.0,48,0.0473,0.246,0.152,0.733,0.429,18.6,0.792,1.0,0,0,0,0,0,0,0,0,0
30_Rhetoric.jpeg,9_Science,collage,1.0,68,0.035,0.336,0.133,0.722,0.49,13.1,0.912,1.0,0,0,0,0,0,0,0,0,0
31_Doomer.jpeg,10_Meme Charts,grid,2.0,290,0.1808,0.686,0.345,0.718,0.494,13.0,0.955,1.0,0,0,0,0,0,0,0,0,1
31_Ecotheology.jpeg,6_Religion,sectioned_grid,1.523,96,0.1683,0.594,0.196,0.771,0.468,18.6,0.771,1.0,0,0,1,0,0,0,0,1,0
"32_Diaries, Memoirs, Autobiographies.jpeg",2_General,grid,2.073,230,0.1385,0.58,0.256,0.739,0.697,15.6,0.843,1.0,0,0,0,0,0,0,0,0,0
32_Urbanism.jpeg,9_Science,grid,0.75,101,0.2341,0.854,0.39,0.67,0.745,10.8,0.941,1.0,0,0,0,0,0,0,0,0,0
33_Jordan Peterson.jpeg,10_Meme Charts,grid,0.942,81,0.2281,0.815,0.205,0.741,0.515,13.1,0.84,1.0,0,0,0,0,1,0,0,1,0
33_Prepper-core.jpeg,9_Science,grid,0.693,259,0.2562,0.945,0.64,0.811,0.609,12.0,0.927,1.0,0,0,0,0,0,0,0,2,0
34_Daoist.jpeg,6_Religion,tier_list,2.465,140,0.0744,0.316,0.17,0.725,0.652,14.5,0.886,1.0,0,0,1,0,0,0,0,1,1
34_Trad.jpeg,2_General,grid,2.25,713,0.3875,0.72,0.64,0.763,0.547,18.7,0.647,1.0,0,0,0,5,0,0,0,0,0
34_Twitter-core.jpeg,10_Meme Charts,grid,1.293,53,0.099,0.425,0.214,0.416,0.393,10.8,0.943,1.0,0,0,0,0,0,0,0,0,1
35_Buddhism.jpeg,6_Religion,sectioned_grid,2.333,119,0.1156,0.454,0.164,0.745,0.564,14.4,0.908,1.0,0,0,1,0,0,0,0,0,0
37_Great Characters.jpeg,2_General,grid,1.453,54,0.0618,0.226,0.32,0.391,0.516,13.7,0.944,1.0,0,0,0,0,0,0,0,0,0
38_Homosexuality (Pre-1850).jpeg,2_General,grid,0.92,244,0.1802,0.864,0.204,0.784,0.315,27.6,0.582,1.0,0,0,0,0,0,0,0,0,0
39_Homosexuality (Pre-modern).jpeg,2_General,grid,1.333,440,0.111,0.355,0.481,0.984,0.607,17.8,0.85,1.0,0,0,0,0,0,0,0,0,0
40_Pseudcore.jpeg,10_Meme Charts,grid,2.319,583,0.2123,0.682,0.649,0.764,0.674,10.6,0.979,1.0,0,0,0,0,1,0,0,0,0
42_Illustrated.jpeg,2_General,grid,4.875,156,0.1289,0.514,0.055,0.965,0.552,12.5,0.936,1.0,0,0,0,0,0,0,0,0,0
43_Indo-Europeans.jpeg,10_Meme Charts,tier_list,0.7,110,0.2493,0.653,0.467,0.547,0.423,28.0,0.536,1.0,0,0,2,0,0,0,0,0,0
43_PewDiePie Recommendations.jpeg,2_General,sectioned_grid,0.997,103,0.0649,0.476,0.127,0.972,0.63,12.0,0.961,1.0,3,0,0,0,0,0,0,1,0
45_Minor Classics 1.jpeg,2_General,grid,1.436,78,0.1383,0.606,0.186,0.946,0.678,9.1,0.987,1.0,0,0,0,0,0,0,0,0,0
47_Doomer.jpeg,2_General,grid,2.0,290,0.1808,0.686,0.345,0.718,0.494,13.0,0.955,1.0,0,0,0,0,0,0,0,0,1
49_Addiction.jpeg,2_General,grid,0.771,106,0.1904,0.798,0.415,0.645,0.752,11.5,0.981,1.0,0,0,0,0,0,0,0,0,0
49_Meme Analysis.jpeg,10_Meme Charts,map,0.615,80,0.1482,0.629,0.448,0.698,0.422,14.8,0.95,1.0,0,0,0,1,0,0,0,0,0
50_Bioshock Infinite.jpeg,10_Meme Charts,grid,1.202,88,0.1945,0.556,0.261,0.61,0.882,14.3,0.909,1.0,0,0,0,0,0,0,0,0,0
51_K-On.jpeg,10_Meme Charts,grid,0.772,44,0.2744,0.453,0.333,0.278,1.047,13.8,1.0,1.0,0,0,0,0,0,0,0,0,0
51_Poems on Massacres and Hell.jpeg,2_General,grid,1.202,69,0.161,0.435,0.194,0.807,0.661,22.6,0.754,1.0,0,0,0,0,0,0,0,0,0
"_Overcoming ADHD, Internet, Porn and SM Addiction.jpeg",11_Other Boards,grid,0.614,98,0.3207,0.757,0.514,0.866,0.768,17.3,0.806,1.0,0,0,0,1,0,0,0,1,0
biz_Business 1.jpeg,11_Other Boards,grid,0.714,79,0.228,0.648,0.256,0.707,0.7,16.2,0.747,1.0,0,0,0,0,0,0,0,0,1
biz_Business 3.jpeg,11_Other Boards,grid,1.54,310,0.2969,0.843,0.718,0.77,0.626,10.5,0.977,1.0,0,0,0,0,0,0,0,0,1
biz_Business 4.jpeg,11_Other Boards,grid,1.078,289,0.3324,0.948,0.736,0.783,0.6,11.9,0.92,1.0,0,0,0,2,0,0,0,1,1
brit_Literature 1.jpeg,11_Other Boards,sectioned_grid,0.787,103,0.1565,0.625,0.476,0.626,0.459,11.1,0.951,1.0,0,0,0,0,0,0,0,0,1
fit_Fitness.jpeg,11_Other Boards,grid,1.989,170,0.2482,0.652,0.25,0.683,0.654,15.5,0.882,1.0,0,0,0,1,0,1,0,1,0
fit_Literature.jpeg,11_Other Boards,sectioned_grid,0.707,211,0.2403,0.749,0.583,0.618,0.425,28.9,0.351,1.0,0,0,0,0,0,0,0,0,1
ic_Art 1.jpeg,11_Other Boards,sectioned_grid,1.733,110,0.1732,0.656,0.156,0.55,0.486,13.9,0.927,1.0,0,0,0,2,0,0,0,0,0
ic_Art 2.jpeg,11_Other Boards,sectioned_grid,1.389,90,0.2784,0.653,0.125,0.556,0.447,26.6,0.633,1.0,0,0,0,1,0,1,0,2,1
ic_Art 3.jpeg,11_Other Boards,tier_list,1.2,63,0.1914,0.532,0.31,0.618,0.487,11.7,0.968,1.0,0,0,1,4,1,0,0,0,0
lit_Anime & Manga.jpeg,11_Other Boards,sectioned_grid,1.432,267,0.0944,0.433,0.366,0.866,0.424,12.6,0.959,1.0,0,0,0,0,0,0,0,4,1
pol_Politics 1 (British).jpeg,11_Other Boards,sectioned_grid,0.75,143,0.2756,0.756,0.444,0.728,0.774,13.9,0.846,1.0,0,0,0,0,0,0,0,0,0
pol_Politics 2.jpeg,11_Other Boards,grid,2.197,330,0.183,0.595,0.462,0.88,0.854,11.4,0.952,1.0,0,0,0,0,0,0,0,0,0
pol_Politics 3 (British).jpeg,11_Other Boards,sectioned_grid,0.831,145,0.1327,0.627,0.379,0.807,0.503,10.6,0.972,1.0,0,0,0,0,0,0,0,0,0
r9k_Literature 1.jpeg,11_Other Boards,grid,1.659,87,0.1452,0.49,0.192,0.356,0.833,13.5,0.966,1.0,0,0,0,0,0,0,0,0,0
x_Paranormal 2.jpeg,11_Other Boards,grid,1.0,63,0.2711,0.66,0.333,0.668,0.661,13.7,0.889,1.0,0,0,0,0,0,0,0,1,0
x_Paranormal 3.jpeg,11_Other Boards,sectioned_grid,1.818,174,0.0706,0.407,0.262,0.822,0.427,15.2,0.856,1.0,0,0,1,0,0,0,0,0,0
