fichier,categorie,sous_categorie,chemin_origine
02_Guide to Harry Potter.jpeg,10_Meme Charts,,lit wiki 4/10_Meme Charts/02_Guide to Harry Potter.jpeg
03_The Americans.jpeg,10_Meme Charts,,lit wiki 4/10_Meme Charts/03_The Americans.jpeg
04_American Politics.jpeg,10_Meme Charts,,lit wiki 4/10_Meme Charts/04_American Politics.jpeg
05_Carle.jpeg,10_Meme Charts,,lit wiki 4/10_Meme Charts/05_Carle.jpeg
06_Harry Potter.jpeg,10_Meme Charts,,lit wiki 4/10_Meme Charts/06_Harry Potter.jpeg
08_.his..jpeg,10_Meme Charts,,lit wiki 4/10_Meme Charts/08_.his..jpeg
10_Tigers.jpeg,10_Meme Charts,,lit wiki 4/10_Meme Charts/10_Tigers.jpeg
12_Meme-Core.jpeg,10_Meme Charts,,lit wiki 4/10_Meme Charts/12_Meme-Core.jpeg
13_Leftist Theory Starter.jpeg,10_Meme Charts,,lit wiki 4/10_Meme Charts/13_Leftist Theory Starter.jpeg
14_Baby's First Literature.jpeg,10_Meme Charts,,lit wiki 4/10_Meme Charts/14_Baby's First Literature.jpeg
15_.the_pol..jpeg,10_Meme Charts,,lit wiki 4/10_Meme Charts/15_.the_pol..jpeg
17_Meme Poetry.jpeg,10_Meme Charts,,lit wiki 4/10_Meme Charts/17_Meme Poetry.jpeg
19_Modern Unique Fantasy.jpeg,10_Meme Charts,,lit wiki 4/10_Meme Charts/19_Modern Unique Fantasy.jpeg
27_Ass.jpeg,10_Meme Charts,,lit wiki 4/10_Meme Charts/27_Ass.jpeg
28_Doomer.jpeg,10_Meme Charts,,lit wiki 4/10_Meme Charts/28_Doomer.jpeg
29_Bloomer .lit..jpeg,10_Meme Charts,,lit wiki 4/10_Meme Charts/29_Bloomer .lit..jpeg
30_Bloomerism.jpeg,10_Meme Charts,,lit wiki 4/10_Meme Charts/30_Bloomerism.jpeg
31_Doomer.jpeg,10_Meme Charts,,lit wiki 4/10_Meme Charts/31_Doomer.jpeg
33_Jordan Peterson.jpeg,10_Meme Charts,,lit wiki 4/10_Meme Charts/33_Jordan Peterson.jpeg
34_Twitter-core.jpeg,10_Meme Charts,,lit wiki 4/10_Meme Charts/34_Twitter-core.jpeg
40_Pseudcore.jpeg,10_Meme Charts,,lit wiki 4/10_Meme Charts/40_Pseudcore.jpeg
43_Indo-Europeans.jpeg,10_Meme Charts,,lit wiki 4/10_Meme Charts/43_Indo-Europeans.jpeg
49_Meme Analysis.jpeg,10_Meme Charts,,lit wiki 4/10_Meme Charts/49_Meme Analysis.jpeg
50_Bioshock Infinite.jpeg,10_Meme Charts,,lit wiki 4/10_Meme Charts/50_Bioshock Infinite.jpeg
51_K-On.jpeg,10_Meme Charts,,lit wiki 4/10_Meme Charts/51_K-On.jpeg
"_Overcoming ADHD, Internet, Porn and SM Addiction.jpeg",11_Other Boards,,"lit wiki 4/11_Other Boards/_Overcoming ADHD, Internet, Porn and SM Addiction.jpeg"
biz_Business 1.jpeg,11_Other Boards,,lit wiki 4/11_Other Boards/biz_Business 1.jpeg
biz_Business 3.jpeg,11_Other Boards,,lit wiki 4/11_Other Boards/biz_Business 3.jpeg
biz_Business 4.jpeg,11_Other Boards,,lit wiki 4/11_Other Boards/biz_Business 4.jpeg
brit_Literature 1.jpeg,11_Other Boards,,lit wiki 4/11_Other Boards/brit_Literature 1.jpeg
fit_Fitness.jpeg,11_Other Boards,,lit wiki 4/11_Other Boards/fit_Fitness.jpeg
fit_Literature.jpeg,11_Other Boards,,lit wiki 4/11_Other Boards/fit_Literature.jpeg
ic_Art 1.jpeg,11_Other Boards,,lit wiki 4/11_Other Boards/ic_Art 1.jpeg
ic_Art 2.jpeg,11_Other Boards,,lit wiki 4/11_Other Boards/ic_Art 2.jpeg
ic_Art 3.jpeg,11_Other Boards,,lit wiki 4/11_Other Boards/ic_Art 3.jpeg
lit_Anime & Manga.jpeg,11_Other Boards,,lit wiki 4/11_Other Boards/lit_Anime & Manga.jpeg
pol_Politics 1 (British).jpeg,11_Other Boards,,lit wiki 4/11_Other Boards/pol_Politics 1 (British).jpeg
pol_Politics 2.jpeg,11_Other Boards,,lit wiki 4/11_Other Boards/pol_Politics 2.jpeg
pol_Politics 3 (British).jpeg,11_Other Boards,,lit wiki 4/11_Other Boards/pol_Politics 3 (British).jpeg
r9k_Literature 1.jpeg,11_Other Boards,,lit wiki 4/11_Other Boards/r9k_Literature 1.jpeg
x_Paranormal 2.jpeg,11_Other Boards,,lit wiki 4/11_Other Boards/x_Paranormal 2.jpeg
x_Paranormal 3.jpeg,11_Other Boards,,lit wiki 4/11_Other Boards/x_Paranormal 3.jpeg
02_Bronze Age.jpeg,1_Beginnings,,lit wiki 4/1_Beginnings/02_Bronze Age.jpeg
03_Greeks 1.jpeg,1_Beginnings,,lit wiki 4/1_Beginnings/03_Greeks 1.jpeg
04_Greeks 2.jpeg,1_Beginnings,,lit wiki 4/1_Beginnings/04_Greeks 2.jpeg
05_Greek 3.jpeg,1_Beginnings,,lit wiki 4/1_Beginnings/05_Greek 3.jpeg
06_Romans 1.jpeg,1_Beginnings,,lit wiki 4/1_Beginnings/06_Romans 1.jpeg
07_Romans 2.jpeg,1_Beginnings,,lit wiki 4/1_Beginnings/07_Romans 2.jpeg
09_Autodidactism.jpeg,1_Beginnings,,lit wiki 4/1_Beginnings/09_Autodidactism.jpeg
10_Western.jpeg,1_Beginnings,,lit wiki 4/1_Beginnings/10_Western.jpeg
12_Latin.jpeg,1_Beginnings,,lit wiki 4/1_Beginnings/12_Latin.jpeg
01_2014–2020.jpeg,2_General,01_Top 100 Aggregate,lit wiki 4/2_General/01_Top 100 Aggregate/01_2014–2020.jpeg
02_2014–2017.jpeg,2_General,01_Top 100 Aggregate,lit wiki 4/2_General/01_Top 100 Aggregate/02_2014–2017.jpeg
01_2022.jpeg,2_General,02_Almost Top 100,lit wiki 4/2_General/02_Almost Top 100/01_2022.jpeg
01_2014.jpeg,2_General,03_Top 100,lit wiki 4/2_General/03_Top 100/01_2014.jpeg
02_2015.jpeg,2_General,03_Top 100,lit wiki 4/2_General/03_Top 100/02_2015.jpeg
03_2015 Authors.jpeg,2_General,03_Top 100,lit wiki 4/2_General/03_Top 100/03_2015 Authors.jpeg
04_2016.jpeg,2_General,03_Top 100,lit wiki 4/2_General/03_Top 100/04_2016.jpeg
05_2017.jpeg,2_General,03_Top 100,lit wiki 4/2_General/03_Top 100/05_2017.jpeg
06_2018.jpeg,2_General,03_Top 100,lit wiki 4/2_General/03_Top 100/06_2018.jpeg
07_2019.jpeg,2_General,03_Top 100,lit wiki 4/2_General/03_Top 100/07_2019.jpeg
08_2020.jpeg,2_General,03_Top 100,lit wiki 4/2_General/03_Top 100/08_2020.jpeg
09_2020.jpeg,2_General,03_Top 100,lit wiki 4/2_General/03_Top 100/09_2020.jpeg
02_Starter Kit 2.jpeg,2_General,04_.lit.core,lit wiki 4/2_General/04_.lit.core/02_Starter Kit 2.jpeg
03_Starter Kit 3.jpeg,2_General,04_.lit.core,lit wiki 4/2_General/04_.lit.core/03_Starter Kit 3.jpeg
05_Starter Kit 5.jpeg,2_General,04_.lit.core,lit wiki 4/2_General/04_.lit.core/05_Starter Kit 5.jpeg
07_Essential .lit.core.jpeg,2_General,04_.lit.core,lit wiki 4/2_General/04_.lit.core/07_Essential .lit.core.jpeg
08_Patriciancore.jpeg,2_General,04_.lit.core,lit wiki 4/2_General/04_.lit.core/08_Patriciancore.jpeg
10_.lit. canon.jpeg,2_General,04_.lit.core,lit wiki 4/2_General/04_.lit.core/10_.lit. canon.jpeg
11_.lit. canon 2.jpeg,2_General,04_.lit.core,lit wiki 4/2_General/04_.lit.core/11_.lit. canon 2.jpeg
12_Western Foundations.jpeg,2_General,04_.lit.core,lit wiki 4/2_General/04_.lit.core/12_Western Foundations.jpeg
13_100 Works of World Literature.jpeg,2_General,04_.lit.core,lit wiki 4/2_General/04_.lit.core/13_100 Works of World Literature.jpeg
06_Science.jpeg,2_General,05_Themes,lit wiki 4/2_General/05_Themes/06_Science.jpeg
08_Depressing.jpeg,2_General,05_Themes,lit wiki 4/2_General/05_Themes/08_Depressing.jpeg
01_Novellas.jpeg,2_General,06_Genres,lit wiki 4/2_General/06_Genres/01_Novellas.jpeg
02_Novellas 2.jpeg,2_General,06_Genres,lit wiki 4/2_General/06_Genres/02_Novellas 2.jpeg
03_Novellas 3.jpeg,2_General,06_Genres,lit wiki 4/2_General/06_Genres/03_Novellas 3.jpeg
06_Great Poems.jpeg,2_General,06_Genres,lit wiki 4/2_General/06_Genres/06_Great Poems.jpeg
10_Intro Short Story 1.jpeg,2_General,06_Genres,lit wiki 4/2_General/06_Genres/10_Intro Short Story 1.jpeg
11_Intro Short Story 2.jpeg,2_General,06_Genres,lit wiki 4/2_General/06_Genres/11_Intro Short Story 2.jpeg
14_Poetry Chart.jpeg,2_General,06_Genres,lit wiki 4/2_General/06_Genres/14_Poetry Chart.jpeg
15_1900–1924.jpeg,2_General,06_Genres,lit wiki 4/2_General/06_Genres/15_1900–1924.jpeg
16_1925–1949.jpeg,2_General,06_Genres,lit wiki 4/2_General/06_Genres/16_1925–1949.jpeg
17_1950–1974.jpeg,2_General,06_Genres,lit wiki 4/2_General/06_Genres/17_1950–1974.jpeg
18_1975–1999.jpeg,2_General,06_Genres,lit wiki 4/2_General/06_Genres/18_1975–1999.jpeg
06_Inverse.jpeg,2_General,07_Specific,lit wiki 4/2_General/07_Specific/06_Inverse.jpeg
07_Homosexuals.jpeg,2_General,07_Specific,lit wiki 4/2_General/07_Specific/07_Homosexuals.jpeg
08_Pedo.jpeg,2_General,07_Specific,lit wiki 4/2_General/07_Specific/08_Pedo.jpeg
09_Midwit-Core.jpeg,2_General,07_Specific,lit wiki 4/2_General/07_Specific/09_Midwit-Core.jpeg
10_Pessimist.jpeg,2_General,07_Specific,lit wiki 4/2_General/07_Specific/10_Pessimist.jpeg
12_Living Off The Land.jpeg,2_General,07_Specific,lit wiki 4/2_General/07_Specific/12_Living Off The Land.jpeg
17_Baseball.jpeg,2_General,07_Specific,lit wiki 4/2_General/07_Specific/17_Baseball.jpeg
18_Slavelord.jpeg,2_General,07_Specific,lit wiki 4/2_General/07_Specific/18_Slavelord.jpeg
19_21st Century Literature.jpeg,2_General,07_Specific,lit wiki 4/2_General/07_Specific/19_21st Century Literature.jpeg
20_21st Century Literature 2.jpeg,2_General,07_Specific,lit wiki 4/2_General/07_Specific/20_21st Century Literature 2.jpeg
22_Doomer.Bloomer.jpeg,2_General,07_Specific,lit wiki 4/2_General/07_Specific/22_Doomer.Bloomer.jpeg
25_Dark.Disturbing.jpeg,2_General,07_Specific,lit wiki 4/2_General/07_Specific/25_Dark.Disturbing.jpeg
26_Little Girls.jpeg,2_General,07_Specific,lit wiki 4/2_General/07_Specific/26_Little Girls.jpeg
27_War.jpeg,2_General,07_Specific,lit wiki 4/2_General/07_Specific/27_War.jpeg
29_Older Women Younger Men.jpeg,2_General,07_Specific,lit wiki 4/2_General/07_Specific/29_Older Women Younger Men.jpeg
30_References and Idioms.jpeg,2_General,07_Specific,lit wiki 4/2_General/07_Specific/30_References and Idioms.jpeg
"32_Diaries, Memoirs, Autobiographies.jpeg",2_General,07_Specific,"lit wiki 4/2_General/07_Specific/32_Diaries, Memoirs, Autobiographies.jpeg"
34_Trad.jpeg,2_General,07_Specific,lit wiki 4/2_General/07_Specific/34_Trad.jpeg
37_Great Characters.jpeg,2_General,07_Specific,lit wiki 4/2_General/07_Specific/37_Great Characters.jpeg
38_Homosexuality (Pre-1850).jpeg,2_General,07_Specific,lit wiki 4/2_General/07_Specific/38_Homosexuality (Pre-1850).jpeg
39_Homosexuality (Pre-modern).jpeg,2_General,07_Specific,lit wiki 4/2_General/07_Specific/39_Homosexuality (Pre-modern).jpeg
42_Illustrated.jpeg,2_General,07_Specific,lit wiki 4/2_General/07_Specific/42_Illustrated.jpeg
43_PewDiePie Recommendations.jpeg,2_General,07_Specific,lit wiki 4/2_General/07_Specific/43_PewDiePie Recommendations.jpeg
45_Minor Classics 1.jpeg,2_General,07_Specific,lit wiki 4/2_General/07_Specific/45_Minor Classics 1.jpeg
47_Doomer.jpeg,2_General,07_Specific,lit wiki 4/2_General/07_Specific/47_Doomer.jpeg
49_Addiction.jpeg,2_General,07_Specific,lit wiki 4/2_General/07_Specific/49_Addiction.jpeg
51_Poems on Massacres and Hell.jpeg,2_General,07_Specific,lit wiki 4/2_General/07_Specific/51_Poems on Massacres and Hell.jpeg
02_Dante.jpeg,2_General,08_Translations,lit wiki 4/2_General/08_Translations/02_Dante.jpeg
03_Beowulf.jpeg,2_General,08_Translations,lit wiki 4/2_General/08_Translations/03_Beowulf.jpeg
04_Dostoyevsky.jpeg,2_General,08_Translations,lit wiki 4/2_General/08_Translations/04_Dostoyevsky.jpeg
01_Overview.jpg,3_Philosophy,,lit wiki 4/3_Philosophy/01_Overview.jpg
01_Ancient Western Philosophy.jpeg,3_Philosophy,03_Guide,lit wiki 4/3_Philosophy/03_Guide/01_Ancient Western Philosophy.jpeg
02_Christian.Catholic and Medieval Philosophy.jpeg,3_Philosophy,03_Guide,lit wiki 4/3_Philosophy/03_Guide/02_Christian.Catholic and Medieval Philosophy.jpeg
03_Modern Philosophy.jpeg,3_Philosophy,03_Guide,lit wiki 4/3_Philosophy/03_Guide/03_Modern Philosophy.jpeg
04_The Scientific Revolution.jpeg,3_Philosophy,03_Guide,lit wiki 4/3_Philosophy/03_Guide/04_The Scientific Revolution.jpeg
05_German Idealism.jpeg,3_Philosophy,03_Guide,lit wiki 4/3_Philosophy/03_Guide/05_German Idealism.jpeg
06_More Modern Philosophy.jpeg,3_Philosophy,03_Guide,lit wiki 4/3_Philosophy/03_Guide/06_More Modern Philosophy.jpeg
07_Early Existentialism and a Continuation of Modern Philosophy.jpeg,3_Philosophy,03_Guide,lit wiki 4/3_Philosophy/03_Guide/07_Early Existentialism and a Continuation of Modern Philosophy.jpeg
08_Analytic Philosophy.jpeg,3_Philosophy,03_Guide,lit wiki 4/3_Philosophy/03_Guide/08_Analytic Philosophy.jpeg
09_A Continuation of Analytic Philosophy and the Philosophy of the Mind.jpeg,3_Philosophy,03_Guide,lit wiki 4/3_Philosophy/03_Guide/09_A Continuation of Analytic Philosophy and the Philosophy of the Mind.jpeg
10_Postmodernism.jpeg,3_Philosophy,03_Guide,lit wiki 4/3_Philosophy/03_Guide/10_Postmodernism.jpeg
11_Feminist.Queer Theory.jpeg,3_Philosophy,03_Guide,lit wiki 4/3_Philosophy/03_Guide/11_Feminist.Queer Theory.jpeg
04_Political Philosophy.jpeg,3_Philosophy,,lit wiki 4/3_Philosophy/04_Political Philosophy.jpeg
07_Political Theory.jpeg,3_Philosophy,,lit wiki 4/3_Philosophy/07_Political Theory.jpeg
09_History of Philosophy Library.jpeg,3_Philosophy,,lit wiki 4/3_Philosophy/09_History of Philosophy Library.jpeg
10_Nietzchean.jpeg,3_Philosophy,,lit wiki 4/3_Philosophy/10_Nietzchean.jpeg
12_Analytic 1.jpeg,3_Philosophy,,lit wiki 4/3_Philosophy/12_Analytic 1.jpeg
13_Analytic 2.jpeg,3_Philosophy,,lit wiki 4/3_Philosophy/13_Analytic 2.jpeg
16_Analytic Metaphysics.jpeg,3_Philosophy,,lit wiki 4/3_Philosophy/16_Analytic Metaphysics.jpeg
17_Utopianism.jpeg,3_Philosophy,,lit wiki 4/3_Philosophy/17_Utopianism.jpeg
22_Stoicism.jpeg,3_Philosophy,,lit wiki 4/3_Philosophy/22_Stoicism.jpeg
27_Political Philosophy.jpeg,3_Philosophy,,lit wiki 4/3_Philosophy/27_Political Philosophy.jpeg
01_Chinese.jpeg,4_Countries.Nationalities,Original order,lit wiki 4/4_Countries.Nationalities/Original order/01_Chinese.jpeg
09_Brazilian.jpeg,4_Countries.Nationalities,Original order,lit wiki 4/4_Countries.Nationalities/Original order/09_Brazilian.jpeg
11_African Americans.jpeg,4_Countries.Nationalities,Original order,lit wiki 4/4_Countries.Nationalities/Original order/11_African Americans.jpeg
12_Uruguayan.jpeg,4_Countries.Nationalities,Original order,lit wiki 4/4_Countries.Nationalities/Original order/12_Uruguayan.jpeg
13_Russian.jpeg,4_Countries.Nationalities,Original order,lit wiki 4/4_Countries.Nationalities/Original order/13_Russian.jpeg
14_Chinese.jpeg,4_Countries.Nationalities,Original order,lit wiki 4/4_Countries.Nationalities/Original order/14_Chinese.jpeg
01_Sci-Fi 1.jpeg,5_Speculative Fiction,1_Science Fiction,lit wiki 4/5_Speculative Fiction/1_Science Fiction/01_Sci-Fi 1.jpeg
02_Sci-Fi 2.jpeg,5_Speculative Fiction,1_Science Fiction,lit wiki 4/5_Speculative Fiction/1_Science Fiction/02_Sci-Fi 2.jpeg
04_NPR Top 100 Sci-Fi.jpeg,5_Speculative Fiction,1_Science Fiction,lit wiki 4/5_Speculative Fiction/1_Science Fiction/04_NPR Top 100 Sci-Fi.jpeg
05_Sci-Fi Guide.jpeg,5_Speculative Fiction,1_Science Fiction,lit wiki 4/5_Speculative Fiction/1_Science Fiction/05_Sci-Fi Guide.jpeg
06_Sci-Fi Crash Course.jpeg,5_Speculative Fiction,1_Science Fiction,lit wiki 4/5_Speculative Fiction/1_Science Fiction/06_Sci-Fi Crash Course.jpeg
07_Dune.jpeg,5_Speculative Fiction,1_Science Fiction,lit wiki 4/5_Speculative Fiction/1_Science Fiction/07_Dune.jpeg
08_Favourites.jpeg,5_Speculative Fiction,1_Science Fiction,lit wiki 4/5_Speculative Fiction/1_Science Fiction/08_Favourites.jpeg
09_Think Before Posting.jpeg,5_Speculative Fiction,1_Science Fiction,lit wiki 4/5_Speculative Fiction/1_Science Fiction/09_Think Before Posting.jpeg
10_Utopia & Dystopia.jpeg,5_Speculative Fiction,1_Science Fiction,lit wiki 4/5_Speculative Fiction/1_Science Fiction/10_Utopia & Dystopia.jpeg
11_Post-Apocalyptic.jpeg,5_Speculative Fiction,1_Science Fiction,lit wiki 4/5_Speculative Fiction/1_Science Fiction/11_Post-Apocalyptic.jpeg
12_Pinata (Woman).jpeg,5_Speculative Fiction,1_Science Fiction,lit wiki 4/5_Speculative Fiction/1_Science Fiction/12_Pinata (Woman).jpeg
13_Soft SF.jpeg,5_Speculative Fiction,1_Science Fiction,lit wiki 4/5_Speculative Fiction/1_Science Fiction/13_Soft SF.jpeg
14_General.jpeg,5_Speculative Fiction,1_Science Fiction,lit wiki 4/5_Speculative Fiction/1_Science Fiction/14_General.jpeg
15_Warhammer 40k 1.jpeg,5_Speculative Fiction,1_Science Fiction,lit wiki 4/5_Speculative Fiction/1_Science Fiction/15_Warhammer 40k 1.jpeg
16_Warhammer 40k 2.jpeg,5_Speculative Fiction,1_Science Fiction,lit wiki 4/5_Speculative Fiction/1_Science Fiction/16_Warhammer 40k 2.jpeg
19_China Mieville.jpeg,5_Speculative Fiction,1_Science Fiction,lit wiki 4/5_Speculative Fiction/1_Science Fiction/19_China Mieville.jpeg
01_Beginner 1.jpeg,5_Speculative Fiction,2_Fantasy,lit wiki 4/5_Speculative Fiction/2_Fantasy/01_Beginner 1.jpeg
02_Beginner 2.jpeg,5_Speculative Fiction,2_Fantasy,lit wiki 4/5_Speculative Fiction/2_Fantasy/02_Beginner 2.jpeg
04_Selected Fantasy.jpeg,5_Speculative Fiction,2_Fantasy,lit wiki 4/5_Speculative Fiction/2_Fantasy/04_Selected Fantasy.jpeg
05_Guide.jpeg,5_Speculative Fiction,2_Fantasy,lit wiki 4/5_Speculative Fiction/2_Fantasy/05_Guide.jpeg
06_Modern V2.jpeg,5_Speculative Fiction,2_Fantasy,lit wiki 4/5_Speculative Fiction/2_Fantasy/06_Modern V2.jpeg
08_Beginner Flowchart 1.jpeg,5_Speculative Fiction,2_Fantasy,lit wiki 4/5_Speculative Fiction/2_Fantasy/08_Beginner Flowchart 1.jpeg
11_Degenerate.jpeg,5_Speculative Fiction,2_Fantasy,lit wiki 4/5_Speculative Fiction/2_Fantasy/11_Degenerate.jpeg
13_Discworld.jpeg,5_Speculative Fiction,2_Fantasy,lit wiki 4/5_Speculative Fiction/2_Fantasy/13_Discworld.jpeg
14_SFFG.jpeg,5_Speculative Fiction,2_Fantasy,lit wiki 4/5_Speculative Fiction/2_Fantasy/14_SFFG.jpeg
15_SFFG Wall of Text.jpeg,5_Speculative Fiction,2_Fantasy,lit wiki 4/5_Speculative Fiction/2_Fantasy/15_SFFG Wall of Text.jpeg
16_SFFG Amazon.jpeg,5_Speculative Fiction,2_Fantasy,lit wiki 4/5_Speculative Fiction/2_Fantasy/16_SFFG Amazon.jpeg
17_Web NOvels.jpeg,5_Speculative Fiction,2_Fantasy,lit wiki 4/5_Speculative Fiction/2_Fantasy/17_Web NOvels.jpeg
18_Self-Published 1.jpeg,5_Speculative Fiction,2_Fantasy,lit wiki 4/5_Speculative Fiction/2_Fantasy/18_Self-Published 1.jpeg
20_Conan The Barbarian.jpeg,5_Speculative Fiction,2_Fantasy,lit wiki 4/5_Speculative Fiction/2_Fantasy/20_Conan The Barbarian.jpeg
23_Malazan Book of Fallen.jpeg,5_Speculative Fiction,2_Fantasy,lit wiki 4/5_Speculative Fiction/2_Fantasy/23_Malazan Book of Fallen.jpeg
24_Middle Earth.jpeg,5_Speculative Fiction,2_Fantasy,lit wiki 4/5_Speculative Fiction/2_Fantasy/24_Middle Earth.jpeg
25_Female Authors.jpeg,5_Speculative Fiction,2_Fantasy,lit wiki 4/5_Speculative Fiction/2_Fantasy/25_Female Authors.jpeg
02_Horror.jpeg,5_Speculative Fiction,3_Horror,lit wiki 4/5_Speculative Fiction/3_Horror/02_Horror.jpeg
03_Fiction.jpeg,5_Speculative Fiction,3_Horror,lit wiki 4/5_Speculative Fiction/3_Horror/03_Fiction.jpeg
04_Gothic.Horror Flowchart.jpeg,5_Speculative Fiction,3_Horror,lit wiki 4/5_Speculative Fiction/3_Horror/04_Gothic.Horror Flowchart.jpeg
05_Horror Authors.jpeg,5_Speculative Fiction,3_Horror,lit wiki 4/5_Speculative Fiction/3_Horror/05_Horror Authors.jpeg
06_Gothic.jpeg,5_Speculative Fiction,3_Horror,lit wiki 4/5_Speculative Fiction/3_Horror/06_Gothic.jpeg
01_Anthropology of Myth and Religion.jpeg,6_Religion,General,lit wiki 4/6_Religion/General/01_Anthropology of Myth and Religion.jpeg
03_Qurans.jpeg,6_Religion,General,lit wiki 4/6_Religion/General/03_Qurans.jpeg
04_Sacred Texts.jpeg,6_Religion,General,lit wiki 4/6_Religion/General/04_Sacred Texts.jpeg
05_Buddhism.jpeg,6_Religion,General,lit wiki 4/6_Religion/General/05_Buddhism.jpeg
08_Asatru.jpeg,6_Religion,General,lit wiki 4/6_Religion/General/08_Asatru.jpeg
09_Christian Poetic Narratives.jpeg,6_Religion,General,lit wiki 4/6_Religion/General/09_Christian Poetic Narratives.jpeg
12_Christian History.jpeg,6_Religion,General,lit wiki 4/6_Religion/General/12_Christian History.jpeg
13_Christian Mysticism.jpeg,6_Religion,General,lit wiki 4/6_Religion/General/13_Christian Mysticism.jpeg
17_Christian by Denomination.jpeg,6_Religion,General,lit wiki 4/6_Religion/General/17_Christian by Denomination.jpeg
19_First Seven Ecumenical Councils.jpeg,6_Religion,General,lit wiki 4/6_Religion/General/19_First Seven Ecumenical Councils.jpeg
20_Christianity.jpeg,6_Religion,General,lit wiki 4/6_Religion/General/20_Christianity.jpeg
22_Orthodox (Christian).jpeg,6_Religion,General,lit wiki 4/6_Religion/General/22_Orthodox (Christian).jpeg
23_Christian Doctrine.jpeg,6_Religion,General,lit wiki 4/6_Religion/General/23_Christian Doctrine.jpeg
24_Catholic (French).jpeg,6_Religion,General,lit wiki 4/6_Religion/General/24_Catholic (French).jpeg
29_Orthodox.jpeg,6_Religion,General,lit wiki 4/6_Religion/General/29_Orthodox.jpeg
31_Ecotheology.jpeg,6_Religion,General,lit wiki 4/6_Religion/General/31_Ecotheology.jpeg
34_Daoist.jpeg,6_Religion,General,lit wiki 4/6_Religion/General/34_Daoist.jpeg
35_Buddhism.jpeg,6_Religion,General,lit wiki 4/6_Religion/General/35_Buddhism.jpeg
01_Enter The Esoterica.jpeg,6_Religion,Occult,lit wiki 4/6_Religion/Occult/01_Enter The Esoterica.jpeg
02_Esoteric Islam.jpeg,6_Religion,Occult,lit wiki 4/6_Religion/Occult/02_Esoteric Islam.jpeg
03_Western Occultism.jpeg,6_Religion,Occult,lit wiki 4/6_Religion/Occult/03_Western Occultism.jpeg
06_Hermeticism.jpeg,6_Religion,Occult,lit wiki 4/6_Religion/Occult/06_Hermeticism.jpeg
07_Intro to Esotericism.jpeg,6_Religion,Occult,lit wiki 4/6_Religion/Occult/07_Intro to Esotericism.jpeg
08_Ancient Origins.jpeg,6_Religion,Occult,lit wiki 4/6_Religion/Occult/08_Ancient Origins.jpeg
09_Gatekeeper's Remorse.jpeg,6_Religion,Occult,lit wiki 4/6_Religion/Occult/09_Gatekeeper's Remorse.jpeg
10_Escape the Matrix.jpeg,6_Religion,Occult,lit wiki 4/6_Religion/Occult/10_Escape the Matrix.jpeg
01_Leftist & Progressive.jpeg,7_Ideologies,General,lit wiki 4/7_Ideologies/General/01_Leftist & Progressive.jpeg
02_Reactionary.jpeg,7_Ideologies,General,lit wiki 4/7_Ideologies/General/02_Reactionary.jpeg
03_.pol.ack.jpeg,7_Ideologies,General,lit wiki 4/7_Ideologies/General/03_.pol.ack.jpeg
05_Leninism.jpeg,7_Ideologies,General,lit wiki 4/7_Ideologies/General/05_Leninism.jpeg
06_Anarchism.jpeg,7_Ideologies,General,lit wiki 4/7_Ideologies/General/06_Anarchism.jpeg
08_Right-Wing.jpeg,7_Ideologies,General,lit wiki 4/7_Ideologies/General/08_Right-Wing.jpeg
09_Libertarianism.jpeg,7_Ideologies,General,lit wiki 4/7_Ideologies/General/09_Libertarianism.jpeg
14_Right-Wing LIbertarian.jpeg,7_Ideologies,General,lit wiki 4/7_Ideologies/General/14_Right-Wing LIbertarian.jpeg
15_Counter-Revolution (French).jpeg,7_Ideologies,General,lit wiki 4/7_Ideologies/General/15_Counter-Revolution (French).jpeg
16_TP Economics.jpeg,7_Ideologies,General,lit wiki 4/7_Ideologies/General/16_TP Economics.jpeg
17_Monarchism.jpeg,7_Ideologies,General,lit wiki 4/7_Ideologies/General/17_Monarchism.jpeg
18_Distributism.jpeg,7_Ideologies,General,lit wiki 4/7_Ideologies/General/18_Distributism.jpeg
19_New Thought.jpeg,7_Ideologies,General,lit wiki 4/7_Ideologies/General/19_New Thought.jpeg
01_Zizek 1.jpeg,7_Ideologies,Ideologues,lit wiki 4/7_Ideologies/Ideologues/01_Zizek 1.jpeg
03_Zizek 3.jpeg,7_Ideologies,Ideologues,lit wiki 4/7_Ideologies/Ideologues/03_Zizek 3.jpeg
04_Evola 1.jpeg,7_Ideologies,Ideologues,lit wiki 4/7_Ideologies/Ideologues/04_Evola 1.jpeg
05_Evola 2.jpeg,7_Ideologies,Ideologues,lit wiki 4/7_Ideologies/Ideologues/05_Evola 2.jpeg
09_Bowden.jpeg,7_Ideologies,Ideologues,lit wiki 4/7_Ideologies/Ideologues/09_Bowden.jpeg
02_Intersectional Feminism.jpeg,7_Ideologies,Meme Ideologues,lit wiki 4/7_Ideologies/Meme Ideologues/02_Intersectional Feminism.jpeg
03_Non-Tumblr Feminism.jpeg,7_Ideologies,Meme Ideologues,lit wiki 4/7_Ideologies/Meme Ideologues/03_Non-Tumblr Feminism.jpeg
04_Esoteric Techno-Facism.jpeg,7_Ideologies,Meme Ideologues,lit wiki 4/7_Ideologies/Meme Ideologues/04_Esoteric Techno-Facism.jpeg
05_Green Nationalism.jpeg,7_Ideologies,Meme Ideologues,lit wiki 4/7_Ideologies/Meme Ideologues/05_Green Nationalism.jpeg
08_Revolutionary.jpeg,7_Ideologies,Meme Ideologues,lit wiki 4/7_Ideologies/Meme Ideologues/08_Revolutionary.jpeg
10_Black Nationalism.jpeg,7_Ideologies,Meme Ideologues,lit wiki 4/7_Ideologies/Meme Ideologues/10_Black Nationalism.jpeg
12_Anarcho-Syndicalism (French).jpeg,7_Ideologies,Meme Ideologues,lit wiki 4/7_Ideologies/Meme Ideologues/12_Anarcho-Syndicalism (French).jpeg
16_Anarcho-Primitivism.jpeg,7_Ideologies,Meme Ideologues,lit wiki 4/7_Ideologies/Meme Ideologues/16_Anarcho-Primitivism.jpeg
17_Anarcho-Capitalism.jpeg,7_Ideologies,Meme Ideologues,lit wiki 4/7_Ideologies/Meme Ideologues/17_Anarcho-Capitalism.jpeg
20_Nazbol.jpeg,7_Ideologies,Meme Ideologues,lit wiki 4/7_Ideologies/Meme Ideologues/20_Nazbol.jpeg
21_British Conservatism.jpeg,7_Ideologies,Meme Ideologues,lit wiki 4/7_Ideologies/Meme Ideologues/21_British Conservatism.jpeg
22_Anti-Racist.jpeg,7_Ideologies,Meme Ideologues,lit wiki 4/7_Ideologies/Meme Ideologues/22_Anti-Racist.jpeg
23_Marxist-Humanist.jpeg,7_Ideologies,Meme Ideologues,lit wiki 4/7_Ideologies/Meme Ideologues/23_Marxist-Humanist.jpeg
24_Monarchy.jpeg,7_Ideologies,Meme Ideologues,lit wiki 4/7_Ideologies/Meme Ideologues/24_Monarchy.jpeg
01_Green Pill (Spirituality.Stoner.Eco).jpeg,8_Pills,,lit wiki 4/8_Pills/01_Green Pill (Spirituality.Stoner.Eco).jpeg
03_Bane Pill (Bane from Batman).jpeg,8_Pills,,lit wiki 4/8_Pills/03_Bane Pill (Bane from Batman).jpeg
04_Various Pills Chart.jpeg,8_Pills,,lit wiki 4/8_Pills/04_Various Pills Chart.jpeg
07_Neon Pill (Cyberpunk).jpeg,8_Pills,,lit wiki 4/8_Pills/07_Neon Pill (Cyberpunk).jpeg
08_Golden Pill (Philosophy.Utopia.Sci-Fi.).jpeg,8_Pills,,lit wiki 4/8_Pills/08_Golden Pill (Philosophy.Utopia.Sci-Fi.).jpeg
11_Brown Pill (No Idea).jpeg,8_Pills,,lit wiki 4/8_Pills/11_Brown Pill (No Idea).jpeg
12_Darre Pill (Nazi.).jpeg,8_Pills,,lit wiki 4/8_Pills/12_Darre Pill (Nazi.).jpeg
17_Lain Pill (Cyberpunk).jpeg,8_Pills,,lit wiki 4/8_Pills/17_Lain Pill (Cyberpunk).jpeg
18_Orange Pill (Crypto).jpeg,8_Pills,,lit wiki 4/8_Pills/18_Orange Pill (Crypto).jpeg
02_Foundational Mathematics (Real).jpeg,9_Science,,lit wiki 4/9_Science/02_Foundational Mathematics (Real).jpeg
03_Foundational Mathematics.jpeg,9_Science,,lit wiki 4/9_Science/03_Foundational Mathematics.jpeg
07_.sci. cs.jpeg,9_Science,,lit wiki 4/9_Science/07_.sci. cs.jpeg
08_Computer Science.jpeg,9_Science,,lit wiki 4/9_Science/08_Computer Science.jpeg
09_Programming.jpeg,9_Science,,lit wiki 4/9_Science/09_Programming.jpeg
11_Architecture.jpeg,9_Science,,lit wiki 4/9_Science/11_Architecture.jpeg
15_Required Reading 2.jpeg,9_Science,,lit wiki 4/9_Science/15_Required Reading 2.jpeg
18_Economics.jpeg,9_Science,,lit wiki 4/9_Science/18_Economics.jpeg
20_Analysis (Mathematics).jpeg,9_Science,,lit wiki 4/9_Science/20_Analysis (Mathematics).jpeg
21_Mathematics Trench.jpeg,9_Science,,lit wiki 4/9_Science/21_Mathematics Trench.jpeg
23_Computers.jpeg,9_Science,,lit wiki 4/9_Science/23_Computers.jpeg
24_Becoming a Mathematician.jpeg,9_Science,,lit wiki 4/9_Science/24_Becoming a Mathematician.jpeg
28_Mathematics (Portuguese).jpeg,9_Science,,lit wiki 4/9_Science/28_Mathematics (Portuguese).jpeg
30_Rhetoric.jpeg,9_Science,,lit wiki 4/9_Science/30_Rhetoric.jpeg
32_Urbanism.jpeg,9_Science,,lit wiki 4/9_Science/32_Urbanism.jpeg
33_Prepper-core.jpeg,9_Science,,lit wiki 4/9_Science/33_Prepper-core.jpeg
